campaign,soc,aic,workload_id,m,n,k,dtype,trans_a,trans_b,tiling_signature
general_search_v1_round3_partial,Ascend910B3,20,general_holdout_large,4096,6144,4096,fp16,0,0,20:160:192:4096:160:192:32:20:20:1:1:0:10:10:2:2:1:3:1:10:32:0:0
general_search_v1_round3_partial,Ascend910B3,20,general_holdout_large,4096,6144,4096,fp16,0,0,20:448:48:4096:448:48:32:8:80:1:1:0:4:40:2:2:1:2:1:5:128:1:0
general_search_v1_round3_partial,Ascend910B3,20,general_holdout_large,4096,6144,4096,fp16,0,0,20:176:176:4096:176:176:32:22:22:1:1:0:11:11:2:2:1:3:1:9:35:0:0
general_search_v1_round3_partial,Ascend910B3,20,general_holdout_large,4096,6144,4096,fp16,0,0,20:160:192:4096:160:192:32:20:20:1:1:0:10:10:2:2:1:3:1:9:32:0:0
general_search_v1_round3_partial,Ascend910B3,20,general_holdout_large,4096,6144,4096,fp16,0,0,20:160:192:4096:160:192:32:20:20:1:1:0:10:10:2:2:1:3:1:9:32:1:0
general_search_v1_round3_partial,Ascend910B3,20,general_holdout_large,4096,6144,4096,fp16,0,0,20:144:224:4096:144:224:64:8:8:1:1:0:4:4:2:2:1:3:1:10:28:0:0
general_search_v1_round3_partial,Ascend910B3,20,general_holdout_large,4096,6144,4096,fp16,0,0,20:144:224:4096:144:224:64:8:8:1:1:0:4:4:2:2:1:3:1:10:28:1:0
general_search_v1_round3_partial,Ascend910B3,20,general_holdout_large,4096,6144,4096,fp16,0,0,20:144:224:4096:144:224:64:8:8:1:1:0:4:4:2:2:1:3:1:11:28:0:0
general_search_v1_round3_partial,Ascend910B3,20,general_holdout_large,4096,6144,4096,fp16,0,0,20:144:224:4096:144:224:32:18:18:1:1:0:9:9:2:2:1:3:1:10:28:1:0
general_search_v1_round3_partial,Ascend910B3,20,general_holdout_large,4096,6144,4096,fp16,0,0,20:512:64:4096:512:64:16:16:128:1:1:0:8:64:2:2:1:2:1:4:96:0:0
general_search_v1_round3_partial,Ascend910B3,20,general_holdout_large,4096,6144,4096,fp16,0,0,20:448:64:4096:448:64:16:18:126:1:1:0:9:63:2:2:1:2:1:5:96:1:0
general_search_v1_round3_partial,Ascend910B3,20,general_holdout_large,4096,6144,4096,fp16,0,0,20:512:64:4096:512:64:16:16:128:1:1:0:8:64:2:2:1:2:2:4:48:0:0
general_search_v1_round3_partial,Ascend910B3,20,general_holdout_large,4096,6144,4096,fp16,0,0,20:384:64:4096:384:64:16:20:120:1:1:0:10:60:2:2:1:1:2:11:48:1:0
general_search_v1_round3_partial,Ascend910B3,20,general_holdout_large,4096,6144,4096,fp16,0,0,20:320:64:4096:320:64:16:24:120:1:1:0:12:60:2:2:1:1:2:13:48:1:0
general_search_v1_round3_partial,Ascend910B3,20,general_holdout_large,4096,6144,4096,fp16,0,0,20:512:48:4096:512:48:32:8:80:1:1:0:4:40:2:2:1:2:1:4:128:0:0
general_search_v1_round3_partial,Ascend910B3,20,general_holdout_large,4096,6144,4096,fp16,0,0,20:512:48:4096:512:48:32:8:80:1:1:0:4:40:2:2:1:2:2:4:64:0:0
general_search_v1_round3_partial,Ascend910B3,20,general_holdout_skinny_m,33,3072,8192,fp16,0,0,20:48:256:8192:48:256:64:40:8:1:1:1:20:4:2:2:1:1:1:1:12:0:0
general_search_v1_round3_partial,Ascend910B3,20,general_holdout_skinny_m,33,3072,8192,fp16,0,0,20:96:160:8192:96:160:64:12:12:1:1:0:6:6:2:2:1:1:1:1:20:0:0
general_search_v1_round3_partial,Ascend910B3,20,general_holdout_skinny_m,33,3072,8192,fp16,0,0,20:16:224:8192:16:224:64:10:10:1:1:0:5:5:2:2:1:1:1:3:14:0:0
general_search_v1_round3_partial,Ascend910B3,20,general_holdout_skinny_m,33,3072,8192,fp16,0,0,20:16:32:8192:16:32:16:512:256:1:1:0:256:128:2:2:1:1:1:3:96:0:0
general_search_v1_round3_partial,Ascend910B3,20,general_holdout_skinny_m,33,3072,8192,fp16,0,0,20:96:160:8192:96:160:64:12:12:1:1:0:6:6:2:2:1:1:1:1:20:1:0
general_search_v1_round3_partial,Ascend910B3,20,general_holdout_skinny_m,33,3072,8192,fp16,0,0,20:112:160:8192:112:160:64:12:12:1:1:0:6:6:2:2:1:1:1:1:20:0:0
general_search_v1_round3_partial,Ascend910B3,20,general_holdout_skinny_m,33,3072,8192,fp16,0,0,20:112:160:8192:112:160:64:12:12:1:1:0:6:6:2:2:1:1:1:1:20:1:0
general_search_v1_round3_partial,Ascend910B3,20,general_holdout_skinny_m,33,3072,8192,fp16,0,0,20:128:160:8192:128:160:64:12:12:1:1:0:6:6:2:2:1:1:1:1:20:0:0
general_search_v1_round3_partial,Ascend910B3,20,general_holdout_skinny_m,33,3072,8192,fp16,0,0,20:128:160:8192:128:160:64:12:12:1:1:0:6:6:2:2:1:1:1:1:20:1:0
general_search_v1_round3_partial,Ascend910B3,20,general_holdout_skinny_m,33,3072,8192,fp16,0,0,20:144:160:8192:144:160:64:12:12:1:1:0:6:6:2:2:1:1:1:1:20:0:0
general_search_v1_round3_partial,Ascend910B3,20,general_holdout_skinny_m,33,3072,8192,fp16,0,0,20:160:160:8192:160:160:64:12:12:1:1:0:6:6:2:2:1:1:1:1:20:0:0
general_search_v1_round3_partial,Ascend910B3,20,general_holdout_skinny_m,33,3072,8192,fp16,0,0,12:48:256:8192:48:256:64:40:8:1:1:0:20:4:1:1:1:1:2:1:6:0:0
general_search_v1_round3_partial,Ascend910B3,20,general_holdout_skinny_m,33,3072,8192,fp16,0,0,12:48:256:8192:48:256:64:40:8:1:1:0:20:4:2:2:1:1:2:1:6:0:0
general_search_v1_round3_partial,Ascend910B3,20,general_holdout_skinny_m,33,3072,8192,fp16,0,0,12:48:256:8192:48:256:64:40:8:1:1:0:20:4:2:2:2:1:2:1:6:0:0
general_search_v1_round3_partial,Ascend910B3,20,general_holdout_skinny_m,33,3072,8192,fp16,0,0,20:96:16:8192:96:16:16:84:504:1:1:0:42:252:2:2:1:1:1:1:192:1:0
general_search_v1_round3_partial,Ascend910B3,20,general_holdout_skinny_m,33,3072,8192,fp16,0,0,20:112:16:8192:112:16:16:72:504:1:1:0:36:252:2:2:1:1:1:1:192:1:0
general_search_v1_round3_partial,Ascend910B3,20,control_skinny_n,4096,17,16384,fp16,0,0,20:128:32:16384:128:32:64:16:64:1:1:0:8:32:1:1:1:8:1:4:1:0:0
general_search_v1_round3_partial,Ascend910B3,20,control_skinny_n,4096,17,16384,fp16,0,0,20:128:48:16384:128:48:64:16:32:1:1:0:8:16:2:2:1:4:1:8:1:0:0
general_search_v1_round3_partial,Ascend910B3,20,control_skinny_n,4096,17,16384,fp16,0,0,20:208:32:16384:208:32:64:8:8:1:1:0:4:4:2:2:2:5:1:4:1:0:0
general_search_v1_round3_partial,Ascend910B3,20,control_skinny_n,4096,17,16384,fp16,0,0,20:16:80:16384:16:80:16:510:102:1:1:0:255:51:2:2:1:8:1:32:1:1:0
general_search_v1_round3_partial,Ascend910B3,20,control_skinny_n,4096,17,16384,fp16,0,0,20:208:32:16384:208:32:64:8:8:1:1:0:4:4:2:2:2:5:1:4:1:1:0
general_search_v1_round3_partial,Ascend910B3,20,control_skinny_n,4096,17,16384,fp16,0,0,20:208:32:16384:208:32:64:8:32:1:1:0:4:16:2:2:1:5:1:4:1:0:0
general_search_v1_round3_partial,Ascend910B3,20,control_skinny_n,4096,17,16384,fp16,0,0,20:208:32:16384:208:32:64:16:8:1:1:0:16:8:1:1:1:5:1:4:1:0:0
general_search_v1_round3_partial,Ascend910B3,20,control_skinny_n,4096,17,16384,fp16,0,0,20:208:32:16384:208:32:64:16:8:1:1:0:16:8:1:1:1:5:1:4:1:1:0
general_search_v1_round3_partial,Ascend910B3,20,control_skinny_n,4096,17,16384,fp16,0,0,20:128:64:16384:128:64:64:16:32:1:1:0:8:16:2:2:1:4:1:8:1:0:0
general_search_v1_round3_partial,Ascend910B3,20,control_skinny_n,4096,17,16384,fp16,0,0,20:128:80:16384:128:80:64:16:16:1:1:0:8:8:2:2:1:4:1:8:1:0:0
general_search_v1_round3_partial,Ascend910B3,20,control_skinny_n,4096,17,16384,fp16,0,0,20:128:96:16384:128:96:64:16:16:1:1:0:8:8:2:2:1:4:1:8:1:0:0
general_search_v1_round3_partial,Ascend910B3,20,control_skinny_n,4096,17,16384,fp16,0,0,20:128:112:16384:128:112:64:16:16:1:1:0:8:8:2:2:1:4:1:8:1:0:0
general_search_v1_round3_partial,Ascend910B3,20,control_skinny_n,4096,17,16384,fp16,0,0,20:128:128:16384:128:128:64:16:16:1:1:0:8:8:2:2:1:4:1:8:1:0:0
general_search_v1_round3_partial,Ascend910B3,20,control_skinny_n,4096,17,16384,fp16,0,0,20:128:32:16384:128:32:64:16:64:1:1:0:8:32:1:1:1:8:1:4:1:1:0
general_search_v1_round3_partial,Ascend910B3,20,control_skinny_n,4096,17,16384,fp16,0,0,20:16:32:16384:16:32:16:512:256:1:1:0:256:128:2:2:1:8:1:32:1:1:0
general_search_v1_round3_partial,Ascend910B3,20,control_skinny_n,4096,17,16384,fp16,0,0,20:32:16:16384:32:16:16:256:512:1:1:0:128:256:2:2:1:8:1:16:2:1:0
