record_key,record_type,run_id,soc,aic,mode,global_index,workload_index,workload_id,rank,shape,dtype,template,T,S,C,G,L2,median_ms,stddev_ms,tflops,speedup_vs_official,delta_pct,noise_pct,status,mark,official_ms,best_rank,ocr_complete,notes,I,L1,DB,L2O,preflight_contract,trans_a,trans_b
coverage:1-350,coverage,20260727_074700,Ascend910B3,20,full,1-350,,,,,,,,,,,,,,,,,,success,,,,1,all_candidates_1_through_350_completed_before_host_control_error,,,,,,,
candidate:llm_decode_qkv_1:20,candidate,20260727_074700,Ascend910B3,20,full,20,1,llm_decode_qkv_1,20,1x12288x4096,fp16,BASE,16x176x64,16x176x4096,20,1x70,1x4(1x20),0.0507516,2.58379e-05,,0.99989,0.0110315,1.42793,within_noise,measured,,,1,,,,,,,,
result:llm_decode_qkv_1,result,20260727_074700,Ascend910B3,20,full,,1,llm_decode_qkv_1,,1x12288x4096,fp16,,,,,,,0.050486,,,1.00515,,,within_noise,,0.050746,19,1,,,,,,,,
baseline:llm_decode_o_1,baseline,20260727_074700,Ascend910B3,20,full,,2,llm_decode_o_1,-1,1x4096x4096,fp16,,,,,,,0.0187716,9.47382e-05,1.78751,,,,official,,,,1,,,,,,,,
candidate:llm_decode_o_1:1,candidate,20260727_074700,Ascend910B3,20,full,21,2,llm_decode_o_1,1,1x4096x4096,fp16,BASE,16x208x64,16x208x4096,20,1x20,1x1(1x20),0.0190528,7.88804e-05,,0.985241,1.49801,1.30801,regressed,best,,,1,,,,,,,,
candidate:llm_decode_o_1:2,candidate,20260727_074700,Ascend910B3,20,full,22,2,llm_decode_o_1,2,1x4096x4096,fp16,BASE,16x208x64,16x208x4096,20,1x20,1x1(1x20),0.0190172,6.15559e-05,,0.987085,1.30836,1.20373,regressed,best,,,1,,,,,,,,
candidate:llm_decode_o_1:3,candidate,20260727_074700,Ascend910B3,20,full,23,2,llm_decode_o_1,3,1x4096x4096,fp16,BASE,16x224x64,16x224x4096,20,1x19,1x1(1x19),0.0187708,8.24387e-05,,1.00004,-0.00426119,1.33803,within_noise,best,,,1,,,,,,,,
candidate:llm_decode_o_1:10,candidate,20260727_074700,Ascend910B3,20,full,30,2,llm_decode_o_1,10,1x4096x4096,fp16,BASE,16x80x128,16x80x4096,20,1x52,1x3(1x20),0.0190252,0.00011384,,0.98657,1.35098,1.57796,within_noise,measured,,,1,,,,,,,,
candidate:llm_decode_o_1:18,candidate,20260727_074700,Ascend910B3,20,full,38,2,llm_decode_o_1,18,1x4096x4096,fp16,BASE,16x32x512,16x32x4096,20,1x128,1x7(1x20),0.018768,5.71287e-05,,1.00019,-0.0191785,1.1787,within_noise,best,,,1,,,,,,,,
candidate:llm_decode_o_1:20,candidate,20260727_074700,Ascend910B3,20,full,40,2,llm_decode_o_1,20,1x4096x4096,fp16,BASE,16x48x256,16x48x4096,20,1x86,1x5(1x20),0.0187692,7.04387e-05,,1.00013,-0.0127836,1.25812,within_noise,measured,,,1,,,,,,,,
result:llm_decode_o_1,result,20260727_074700,Ascend910B3,20,full,,2,llm_decode_o_1,,1x4096x4096,fp16,,,,,,,0.018768,,,1.00019,,,within_noise,,0.0187716,18,1,,,,,,,,
baseline:llm_decode_ffn_up_1,baseline,20260727_074700,Ascend910B3,20,full,,3,llm_decode_ffn_up_1,-1,1x11008x4096,fp16,,,,,,,0.0507036,6.17306e-05,1.77852,,,,official,,,,1,,,,,,,,
candidate:llm_decode_ffn_up_1:1,candidate,20260727_074700,Ascend910B3,20,full,41,3,llm_decode_ffn_up_1,1,1x11008x4096,fp16,BASE,16x112x128,16x112x4096,20,1x99,1x5(1x20),0.0504772,6.25781e-05,,1.00449,-0.446521,1,within_noise,best,,,1,,,,,,,,
candidate:llm_decode_ffn_up_1:6,candidate,20260727_074700,Ascend910B3,20,full,46,3,llm_decode_ffn_up_1,6,1x11008x4096,fp16,BASE,16x192x64,16x192x4096,20,1x58,1x3(1x20),0.050456,4.93006e-05,,1.00491,-0.488333,1,within_noise,best,,,1,,,,,,,,
candidate:llm_decode_ffn_up_1:10,candidate,20260727_074700,Ascend910B3,20,full,50,3,llm_decode_ffn_up_1,10,1x11008x4096,fp16,BASE,16x144x64,16x144x4096,20,1x77,1x4(1x20),0.0506924,7.30469e-05,,1.00022,-0.0220909,1,within_noise,measured,,,1,,,,,,,,
candidate:llm_decode_ffn_up_1:20,candidate,20260727_074700,Ascend910B3,20,full,60,3,llm_decode_ffn_up_1,20,1x11008x4096,fp16,BASE,16x128x128,16x128x4096,20,1x86,1x5(1x20),0.050696,5.3194e-05,,1.00015,-0.0149906,1,within_noise,measured,,,1,,,,,,,,
result:llm_decode_ffn_up_1,result,20260727_074700,Ascend910B3,20,full,,3,llm_decode_ffn_up_1,,1x11008x4096,fp16,,,,,,,0.050456,,,1.00491,,,within_noise,,0.0507036,6,1,,,,,,,,
baseline:llm_decode_ffn_down_1,baseline,20260727_074700,Ascend910B3,20,full,,4,llm_decode_ffn_down_1,-1,1x4096x11008,fp16,,,,,,,0.0463492,,,,,,official,,,,0,stddev_and_tflops_not_visible,,,,,,,
candidate:llm_decode_ffn_down_1:1,candidate,20260727_074700,Ascend910B3,20,full,61,4,llm_decode_ffn_down_1,1,1x4096x11008,fp16,BASE,16x208x64,16x208x11008,20,1x20,1x1(1x20),0.0463624,0.0001052,,0.999715,0.028477,1,within_noise,best,,,1,,,,,,,,
candidate:llm_decode_ffn_down_1:2,candidate,20260727_074700,Ascend910B3,20,full,62,4,llm_decode_ffn_down_1,2,1x4096x11008,fp16,BASE,16x208x64,16x208x11008,20,1x20,1x1(1x20),0.0461116,1.31937e-05,,1.00515,-0.512637,1,within_noise,best,,,1,,,,,,,,
candidate:llm_decode_ffn_down_1:10,candidate,20260727_074700,Ascend910B3,20,full,70,4,llm_decode_ffn_down_1,10,1x4096x11008,fp16,BASE,16x240x64,16x240x11008,20,1x18,1x1(1x18),0.0461244,6.19026e-05,,1.00487,-0.485014,1,within_noise,measured,,,1,,,,,,,,
candidate:llm_decode_ffn_down_1:20,candidate,20260727_074700,Ascend910B3,20,full,80,4,llm_decode_ffn_down_1,20,1x4096x11008,fp16,BASE,16x64x256,16x64x11008,20,1x64,1x4(1x20),0.046342,5.32276e-05,,1.00016,-0.0155348,1,within_noise,measured,,,1,,,,,,,,
result:llm_decode_ffn_down_1,result,20260727_074700,Ascend910B3,20,full,,4,llm_decode_ffn_down_1,,1x4096x11008,fp16,,,,,,,0.0461116,,,1.00515,,,within_noise,,0.0463492,2,1,,,,,,,,
baseline:llm_batch8_qkv,baseline,20260727_074700,Ascend910B3,20,full,,5,llm_batch8_qkv,-1,8x12288x4096,fp16,,,,,,,0.0537008,0.000323294,14.9962,,,,official,,,,1,,,,,,,,
candidate:llm_batch8_qkv:1,candidate,20260727_074700,Ascend910B3,20,full,81,5,llm_batch8_qkv,1,8x12288x4096,fp16,BASE,16x208x64,16x208x4096,20,1x60,1x3(1x20),0.0535644,0.000104715,,1.00255,-0.253999,1.26564,within_noise,best,,,1,,,,,,,,
candidate:llm_batch8_qkv:3,candidate,20260727_074700,Ascend910B3,20,full,83,5,llm_batch8_qkv,3,8x12288x4096,fp16,BASE,16x320x32,16x320x4096,20,1x39,1x2(1x20),0.0535236,0.000122561,,1.00331,-0.329981,1.28768,within_noise,best,,,1,,,,,,,,
candidate:llm_batch8_qkv:7,candidate,20260727_074700,Ascend910B3,20,full,87,5,llm_batch8_qkv,7,8x12288x4096,fp16,BASE,16x128x128,16x128x4096,20,1x96,1x5(1x20),0.0534928,8.98733e-05,,1.00389,-0.387333,1.24972,within_noise,best,,,1,,,,,,,,
candidate:llm_batch8_qkv:8,candidate,20260727_074700,Ascend910B3,20,full,88,5,llm_batch8_qkv,8,8x12288x4096,fp16,BASE,16x128x128,16x128x4096,20,1x96,1x5(1x20),0.0534364,0.000125215,,1.00495,-0.49236,1.29121,within_noise,best,,,1,,,,,,,,
candidate:llm_batch8_qkv:10,candidate,20260727_074700,Ascend910B3,20,full,90,5,llm_batch8_qkv,10,8x12288x4096,fp16,BASE,16x224x64,16x224x4096,20,1x55,1x3(1x20),0.0535516,0.00013063,,1.00279,-0.277831,1.29864,within_noise,measured,,,1,,,,,,,,
candidate:llm_batch8_qkv:20,candidate,20260727_074700,Ascend910B3,20,full,100,5,llm_batch8_qkv,20,8x12288x4096,fp16,BASE,16x176x64,16x176x4096,20,1x70,1x4(1x20),0.0534176,9.37287e-05,,1.0053,-0.527363,1.25364,within_noise,best,,,1,,,,,,,,
result:llm_batch8_qkv,result,20260727_074700,Ascend910B3,20,full,,5,llm_batch8_qkv,,8x12288x4096,fp16,,,,,,,0.0534176,,,1.0053,,,within_noise,,0.0537008,20,1,,,,,,,,
baseline:llm_batch32_ffn_up,baseline,20260727_074700,Ascend910B3,20,full,,6,llm_batch32_ffn_up,-1,32x11008x4096,fp16,,,,,,,0.0600092,0.000125418,48.0873,,,,official,,,,1,,,,,,,,
candidate:llm_batch32_ffn_up:1,candidate,20260727_074700,Ascend910B3,20,full,101,6,llm_batch32_ffn_up,1,32x11008x4096,fp16,BASE,32x288x32,32x288x4096,20,1x39,1x2(1x20),0.0601804,,,0.997155,0.285296,1,within_noise,best,,,0,stddev_truncated_by_OCR,,,,,,,
candidate:llm_batch32_ffn_up:2,candidate,20260727_074700,Ascend910B3,20,full,102,6,llm_batch32_ffn_up,2,32x11008x4096,fp16,BASE,32x288x32,32x288x4096,20,1x39,1x2(1x20),0.0601268,,,0.998044,0.195974,1,within_noise,best,,,0,stddev_truncated_by_OCR,,,,,,,
candidate:llm_batch32_ffn_up:3,candidate,20260727_074700,Ascend910B3,20,full,103,6,llm_batch32_ffn_up,3,32x11008x4096,fp16,BASE,32x192x64,32x192x4096,20,1x58,1x3(1x20),0.0600556,,,0.999227,0.0773232,1,within_noise,best,,,0,stddev_truncated_by_OCR,,,,,,,
candidate:llm_batch32_ffn_up:5,candidate,20260727_074700,Ascend910B3,20,full,105,6,llm_batch32_ffn_up,5,32x11008x4096,fp16,BASE,32x320x32,32x320x4096,20,1x35,1x2(1x20),0.06001,,,0.999987,0.00133494,1,within_noise,best,,,0,stddev_truncated_by_OCR,,,,,,,
candidate:llm_batch32_ffn_up:10,candidate,20260727_074700,Ascend910B3,20,full,110,6,llm_batch32_ffn_up,10,32x11008x4096,fp16,BASE,32x208x64,32x208x4096,20,1x53,1x3(1x20),0.0601128,,,0.998277,0.172644,1,within_noise,measured,,,0,stddev_truncated_by_OCR,,,,,,,
candidate:llm_batch32_ffn_up:20,candidate,20260727_074700,Ascend910B3,20,full,120,6,llm_batch32_ffn_up,20,32x11008x4096,fp16,BASE,32x80x128,32x80x4096,20,1x138,1x7(1x20),0.0600716,,,0.998961,0.10399,1,within_noise,measured,,,0,stddev_truncated_by_OCR,,,,,,,
result:llm_batch32_ffn_up,result,20260727_074700,Ascend910B3,20,full,,6,llm_batch32_ffn_up,,32x11008x4096,fp16,,,,,,,0.06001,,,0.999987,,,within_noise,,0.0600092,5,1,,,,,,,,
baseline:llm_prefill128_qkv,baseline,20260727_074700,Ascend910B3,20,full,,7,llm_prefill128_qkv,-1,128x12288x4096,fp16,,,,,,,0.0645916,6.50083e-05,199.483,,,,official,,,,1,,,,,,,,
candidate:llm_prefill128_qkv:1,candidate,20260727_074700,Ascend910B3,20,full,121,7,llm_prefill128_qkv,1,128x12288x4096,fp16,BASE,128x208x64,128x208x4096,20,1x60,1x3(1x20),0.0645724,,,1.0003,-0.0297213,1,within_noise,best,,,0,stddev_truncated_by_OCR,,,,,,,
candidate:llm_prefill128_qkv:2,candidate,20260727_074700,Ascend910B3,20,full,122,7,llm_prefill128_qkv,2,128x12288x4096,fp16,BASE,128x208x64,128x208x4096,20,1x60,1x3(1x20),0.0645344,,,1.00089,-0.0885512,1,within_noise,best,,,0,stddev_truncated_by_OCR,,,,,,,
candidate:llm_prefill128_qkv:4,candidate,20260727_074700,Ascend910B3,20,full,124,7,llm_prefill128_qkv,4,128x12288x4096,fp16,BASE,128x224x64,128x224x4096,20,1x55,1x3(1x20),0.064374,,,1.00338,-0.336886,1,within_noise,best,,,0,stddev_truncated_by_OCR,,,,,,,
candidate:llm_prefill128_qkv:5,candidate,20260727_074700,Ascend910B3,20,full,125,7,llm_prefill128_qkv,5,128x12288x4096,fp16,BASE,128x240x64,128x240x4096,20,1x52,1x3(1x20),0.0643736,,,1.00339,-0.337506,1,within_noise,best,,,0,stddev_truncated_by_OCR,,,,,,,
candidate:llm_prefill128_qkv:6,candidate,20260727_074700,Ascend910B3,20,full,126,7,llm_prefill128_qkv,6,128x12288x4096,fp16,BASE,128x240x64,128x240x4096,20,1x52,1x3(1x20),0.0643472,,,1.0038,-0.378374,1,within_noise,best,,,0,stddev_truncated_by_OCR,,,,,,,
candidate:llm_prefill128_qkv:10,candidate,20260727_074700,Ascend910B3,20,full,130,7,llm_prefill128_qkv,10,128x12288x4096,fp16,BASE,128x160x64,128x160x4096,20,1x77,1x4(1x20),0.064546,0.00010179,,1.00071,-0.0705973,1,within_noise,measured,,,1,,,,,,,,
candidate:llm_prefill128_qkv:11,candidate,20260727_074700,Ascend910B3,20,full,131,7,llm_prefill128_qkv,11,128x12288x4096,fp16,BASE,128x176x64,128x176x4096,20,1x70,1x4(1x20),0.0643244,,,1.00415,-0.413677,1,within_noise,best,,,0,stddev_truncated_by_OCR,,,,,,,
candidate:llm_prefill128_qkv:20,candidate,20260727_074700,Ascend910B3,20,full,140,7,llm_prefill128_qkv,20,128x12288x4096,fp16,BASE,128x96x128,128x96x4096,20,1x128,1x7(1x20),0.064356,,,1.00366,-0.364754,1,within_noise,measured,,,0,stddev_truncated_by_OCR,,,,,,,
result:llm_prefill128_qkv,result,20260727_074700,Ascend910B3,20,full,,7,llm_prefill128_qkv,,128x12288x4096,fp16,,,,,,,0.0643244,,,1.00415,,,within_noise,,0.0645916,11,1,,,,,,,,
baseline:llm_prefill512_ffn_up,baseline,20260727_074700,Ascend910B3,20,full,,8,llm_prefill512_ffn_up,-1,512x11008x4096,fp16,,,,,,,0.181996,2.593e-05,253.691,,,,official,,,,1,,,,,,,,
candidate:llm_prefill512_ffn_up:1,candidate,20260727_074700,Ascend910B3,20,full,141,8,llm_prefill512_ffn_up,1,512x11008x4096,fp16,BASE,128x256x64,128x256x4096,20,4x43,1x9(4x5),0.182278,,,0.998453,0.154949,1,within_noise,best,,,0,stddev_truncated_by_OCR,,,,,,,
candidate:llm_prefill512_ffn_up:5,candidate,20260727_074700,Ascend910B3,20,full,145,8,llm_prefill512_ffn_up,5,512x11008x4096,fp16,BASE,176x176x64,176x176x4096,20,3x63,1x11(3x6),0.182067,,,0.999613,0.0386822,1,within_noise,best,,,0,stddev_truncated_by_OCR,,,,,,,
candidate:llm_prefill512_ffn_up:8,candidate,20260727_074700,Ascend910B3,20,full,148,8,llm_prefill512_ffn_up,8,512x11008x4096,fp16,BASE,128x224x64,128x224x4096,20,4x50,1x10(4x5),0.181984,,,1.00007,-0.00703218,1,within_noise,best,,,0,stddev_truncated_by_OCR,,,,,,,
candidate:llm_prefill512_ffn_up:10,candidate,20260727_074700,Ascend910B3,20,full,150,8,llm_prefill512_ffn_up,10,512x11008x4096,fp16,BASE,256x112x64,256x112x4096,20,2x99,1x10(2x10),0.182294,,,0.998365,0.163742,1,within_noise,measured,,,0,stddev_truncated_by_OCR,,,,,,,
candidate:llm_prefill512_ffn_up:20,candidate,20260727_074700,Ascend910B3,20,full,160,8,llm_prefill512_ffn_up,20,512x11008x4096,fp16,BASE,128x192x64,128x192x4096,20,4x58,1x12(4x5),0.181986,,,1.00005,-0.0054916,1,within_noise,measured,,,0,stddev_truncated_by_OCR,,,,,,,
result:llm_prefill512_ffn_up,result,20260727_074700,Ascend910B3,20,full,,8,llm_prefill512_ffn_up,,512x11008x4096,fp16,,,,,,,0.181984,,,1.00007,,,within_noise,,0.181996,8,1,,,,,,,,
baseline:llm_prefill2048_ffn_down,baseline,20260727_074700,Ascend910B3,20,full,,9,llm_prefill2048_ffn_down,-1,2048x4096x11008,fp16,,,,,,,0.795001,7.332e-05,232.306,,,,official,,,,1,,,,,,,,
candidate:llm_prefill2048_ffn_down:1,candidate,20260727_074700,Ascend910B3,20,full,161,9,llm_prefill2048_ffn_down,1,2048x4096x11008,fp16,BASE,128x256x64,128x256x11008,20,16x16,4x4(4x5),0.794371,,,1.00079,-0.0792401,1,within_noise,best,,,0,stddev_truncated_by_OCR,,,,,,,
candidate:llm_prefill2048_ffn_down:4,candidate,20260727_074700,Ascend910B3,20,full,164,9,llm_prefill2048_ffn_down,4,2048x4096x11008,fp16,BASE,256x128x64,256x128x11008,20,8x32,2x7(4x5),0.794297,,,1.00089,-0.0885489,1,within_noise,best,,,0,stddev_truncated_by_OCR,,,,,,,
candidate:llm_prefill2048_ffn_down:10,candidate,20260727_074700,Ascend910B3,20,full,170,9,llm_prefill2048_ffn_down,10,2048x4096x11008,fp16,BASE,192x160x64,192x160x11008,20,11x26,3x6(4x5),0.794462,,,1.00068,-0.06782,1,within_noise,measured,,,0,stddev_truncated_by_OCR,,,,,,,
candidate:llm_prefill2048_ffn_down:13,candidate,20260727_074700,Ascend910B3,20,full,173,9,llm_prefill2048_ffn_down,13,2048x4096x11008,fp16,BASE,176x176x64,176x176x11008,20,12x24,3x5(4x5),0.79425,,,1.00094,-0.0936351,1,within_noise,best,,,0,workload_result_not_visible,,,,,,,
result:llm_full_4096_ffn_down,result,20260727_074700,Ascend910B3,20,full,,11,llm_full_4096_ffn_down,,4096x4096x11008,fp16,,,,,,,1.45055,,,0.939847,,,regressed,,1.3633,1,0,best_tiling_not_visible,,,,,,,
baseline:llm_8192_square,baseline,20260727_074700,Ascend910B3,20,full,,12,llm_8192_square,-1,8192x8192x8192,fp16,,,,,,,4.04714,0.000688341,271.676,,,,official,,,,1,,,,,,,,
candidate:llm_8192_square:1,candidate,20260727_074700,Ascend910B3,20,full,221,12,llm_8192_square,1,8192x8192x8192,fp16,BASE,144x224x64,144x224x8192,20,57x37,15x8(4x5),8.2336,0.0105889,,0.49154,103.442,1,regressed,best,,,1,,,,,,,,
candidate:llm_8192_square:2,candidate,20260727_074700,Ascend910B3,20,full,222,12,llm_8192_square,2,8192x8192x8192,fp16,BASE,144x224x64,144x224x8192,20,57x37,15x8(4x5),8.08651,0.0202559,,0.500481,99.8079,1.00158,regressed,best,,,1,,,,,,,,
candidate:llm_8192_square:7,candidate,20260727_074700,Ascend910B3,20,full,227,12,llm_8192_square,7,8192x8192x8192,fp16,BASE,192x160x64,192x160x8192,20,43x52,11x11(4x5),7.46222,0.00242467,,0.542351,84.3824,1,regressed,best,,,1,,,,,,,,
candidate:llm_8192_square:9,candidate,20260727_074700,Ascend910B3,20,full,229,12,llm_8192_square,9,8192x8192x8192,fp16,BASE,160x192x64,160x192x8192,20,52x43,13x9(4x5),6.10372,0.00590529,,0.663062,50.8155,1,regressed,best,,,1,,,,,,,,
candidate:llm_8192_square:10,candidate,20260727_074700,Ascend910B3,20,full,230,12,llm_8192_square,10,8192x8192x8192,fp16,BASE,160x192x64,160x192x8192,20,52x43,13x9(4x5),6.28308,0.0138126,,0.644134,55.2473,1,regressed,measured,,,1,,,,,,,,
candidate:llm_8192_square:11,candidate,20260727_074700,Ascend910B3,20,full,231,12,llm_8192_square,11,8192x8192x8192,fp16,BASE,128x256x64,128x256x8192,20,64x32,16x7(4x5),4.52063,0.00630331,,0.895261,11.6992,1,regressed,best,,,1,,,,,,,,
candidate:llm_8192_square:12,candidate,20260727_074700,Ascend910B3,20,full,232,12,llm_8192_square,12,8192x8192x8192,fp16,BASE,128x256x64,128x256x8192,20,64x32,16x7(4x5),4.51651,0.00497652,,0.896078,11.5974,1,regressed,best,,,1,,,,,,,,
candidate:llm_8192_square:20,candidate,20260727_074700,Ascend910B3,20,full,240,12,llm_8192_square,20,8192x8192x8192,fp16,BASE,128x240x64,128x240x8192,20,64x35,16x7(4x5),10.0161,0.0456267,,0.404063,147.486,2.25502,regressed,measured,,,1,,,,,,,,
result:llm_8192_square,result,20260727_074700,Ascend910B3,20,full,,12,llm_8192_square,,8192x8192x8192,fp16,,,,,,,4.51651,,,0.896078,,,regressed,,4.04714,12,1,,,,,,,,
baseline:attention_score_128,baseline,20260727_074700,Ascend910B3,20,full,,13,attention_score_128,-1,128x128x128,fp16,,,,,,,0.0031972,0.000235214,1.31187,,,,official,,,,1,,,,,,,,
candidate:attention_score_128:1,candidate,20260727_074700,Ascend910B3,20,full,241,13,attention_score_128,1,128x128x128,fp16,BASE,32x32x128,32x32x128,20,4x4,1x1(4x4),0.00321,0.00014507,,0.996012,0.400353,17.2872,within_noise,best,,,1,,,,,,,,
candidate:attention_score_128:10,candidate,20260727_074700,Ascend910B3,20,full,250,13,attention_score_128,10,128x128x128,fp16,BASE,48x32x128,48x32x128,20,3x4,1x1(3x4),0.0032388,0.000124328,,0.987156,1.30113,16.6428,within_noise,measured,,,1,,,,,,,,
candidate:attention_score_128:20,candidate,20260727_074700,Ascend910B3,20,full,260,13,attention_score_128,20,128x128x128,fp16,BASE,48x48x128,48x48x128,20,3x3,1x1(3x3),0.0032744,6.45554e-05,,0.976423,2.41461,15.2579,within_noise,measured,,,1,,,,,,,,
result:attention_score_128,result,20260727_074700,Ascend910B3,20,full,,13,attention_score_128,,128x128x128,fp16,,,,,,,0.00321,,,0.996012,,,within_noise,,0.0031972,1,1,,,,,,,,
baseline:attention_score_1024,baseline,20260727_074700,Ascend910B3,20,full,,14,attention_score_1024,-1,1024x1024x128,fp16,,,,,,,0.0094252,5.96252e-05,28.4806,,,,official,,,,1,,,,,,,,
candidate:attention_score_1024:1,candidate,20260727_074700,Ascend910B3,20,full,261,14,attention_score_1024,1,1024x1024x128,fp16,BASE,128x208x64,128x208x128,20,8x5,2x1(4x5),0.0093276,6.24517e-05,,1.01046,-1.03552,1.83221,within_noise,best,,,1,,,,,,,,
candidate:attention_score_1024:10,candidate,20260727_074700,Ascend910B3,20,full,270,14,attention_score_1024,10,1024x1024x128,fp16,BASE,144x208x64,144x208x128,20,8x5,2x1(4x5),0.0093892,3.07207e-05,,1.00383,-0.381955,1.42329,within_noise,measured,,,1,,,,,,,,
candidate:attention_score_1024:13,candidate,20260727_074700,Ascend910B3,20,full,273,14,attention_score_1024,13,1024x1024x128,fp16,BASE,112x256x64,112x256x128,20,10x4,3x1(4x4),0.009312,2.38908e-05,,1.01216,-1.20103,1.36302,within_noise,best,,,1,,,,,,,,
candidate:attention_score_1024:20,candidate,20260727_074700,Ascend910B3,20,full,280,14,attention_score_1024,20,1024x1024x128,fp16,BASE,240x128x64,240x128x128,20,5x8,2x2(4x5),0.0093716,0.00478484,,1.00572,-0.568689,101.541,within_noise,measured,,,1,extreme_variance,,,,,,,
result:attention_score_1024,result,20260727_074700,Ascend910B3,20,full,,14,attention_score_1024,,1024x1024x128,fp16,,,,,,,0.009312,,,1.01216,,,within_noise,,0.0094252,13,1,,,,,,,,
baseline:attention_value_1024,baseline,20260727_074700,Ascend910B3,20,full,,15,attention_value_1024,-1,1024x128x1024,fp16,,,,,,,0.0059084,4.37778e-05,45.4329,,,,official,,,,1,,,,,,,,
candidate:attention_value_1024:1,candidate,20260727_074700,Ascend910B3,20,full,281,15,attention_value_1024,1,1024x128x1024,fp16,BASE,112x64x128,112x64x1024,20,10x2,3x1(4x2),0.0059232,4.66475e-05,,0.997501,0.250498,2.16548,within_noise,best,,,1,,,,,,,,
candidate:attention_value_1024:2,candidate,20260727_074700,Ascend910B3,20,full,282,15,attention_value_1024,2,1024x128x1024,fp16,BASE,112x64x128,112x64x1024,20,10x2,3x1(4x2),0.0059132,4.86804e-05,,0.999188,0.0812396,2.21616,within_noise,best,,,1,,,,,,,,
candidate:attention_value_1024:4,candidate,20260727_074700,Ascend910B3,20,full,284,15,attention_value_1024,4,1024x128x1024,fp16,BASE,128x64x128,128x64x1024,20,8x2,2x1(4x2),0.0059068,3.05031e-05,,1.00027,-0.0270765,1.80613,within_noise,best,,,1,,,,,,,,
candidate:attention_value_1024:10,candidate,20260727_074700,Ascend910B3,20,full,290,15,attention_value_1024,10,1024x128x1024,fp16,BASE,128x80x128,128x80x1024,20,8x2,2x1(4x2),0.0059176,7.00741e-05,,0.998445,0.15571,2.79686,within_noise,measured,,,1,,,,,,,,
candidate:attention_value_1024:20,candidate,20260727_074700,Ascend910B3,20,full,300,15,attention_value_1024,20,1024x128x1024,fp16,BASE,160x64x64,160x64x1024,20,7x2,2x1(4x2),0.0059624,5.58253e-05,,0.990943,0.913953,2.40144,within_noise,measured,,,1,,,,,,,,
result:attention_value_1024,result,20260727_074700,Ascend910B3,20,full,,15,attention_value_1024,,1024x128x1024,fp16,,,,,,,0.0059068,,,1.00027,,,within_noise,,0.0059084,4,1,,,,,,,,
baseline:vision_projection,baseline,20260727_074700,Ascend910B3,20,full,,16,vision_projection,-1,3136x4096x1024,fp16,,,,,,,0.107354,5.59397e-05,245.046,,,,official,,,,1,,,,,,,,
candidate:vision_projection:1,candidate,20260727_074700,Ascend910B3,20,full,301,16,vision_projection,1,3136x4096x1024,fp16,BASE,224x144x64,224x144x1024,20,14x29,4x6(4x5),0.302219,0.00015353,,0.355219,181.516,1,regressed,best,,,1,,,,,,,,
candidate:vision_projection:3,candidate,20260727_074700,Ascend910B3,20,full,303,16,vision_projection,3,3136x4096x1024,fp16,BASE,176x176x64,176x176x1024,20,18x24,5x5(4x5),0.274809,0.000392059,,0.39065,155.984,1,regressed,best,,,1,,,,,,,,
candidate:vision_projection:5,candidate,20260727_074700,Ascend910B3,20,full,305,16,vision_projection,5,3136x4096x1024,fp16,BASE,144x224x64,144x224x1024,20,22x19,6x4(4x5),0.264259,0.000168835,,0.406246,146.156,1,regressed,best,,,1,,,,,,,,
candidate:vision_projection:6,candidate,20260727_074700,Ascend910B3,20,full,306,16,vision_projection,6,3136x4096x1024,fp16,BASE,144x224x64,144x224x1024,20,22x19,6x4(4x5),0.263547,0.000181102,,0.407343,145.493,1,regressed,best,,,1,,,,,,,,
candidate:vision_projection:7,candidate,20260727_074700,Ascend910B3,20,full,307,16,vision_projection,7,3136x4096x1024,fp16,BASE,160x192x64,160x192x1024,20,20x22,5x5(4x5),0.197846,0.000169482,,0.542614,84.2931,1,regressed,best,,,1,,,,,,,,
candidate:vision_projection:9,candidate,20260727_074700,Ascend910B3,20,full,309,16,vision_projection,9,3136x4096x1024,fp16,BASE,128x256x64,128x256x1024,20,25x16,7x4(4x5),0.136271,0.000101383,,0.787799,26.9359,1,regressed,best,,,1,,,,,,,,
candidate:vision_projection:10,candidate,20260727_074700,Ascend910B3,20,full,310,16,vision_projection,10,3136x4096x1024,fp16,BASE,128x256x64,128x256x1024,20,25x16,7x4(4x5),0.136236,8.06529e-05,,0.787998,26.9039,1,regressed,best,,,1,,,,,,,,
candidate:vision_projection:20,candidate,20260727_074700,Ascend910B3,20,full,320,16,vision_projection,20,3136x4096x1024,fp16,BASE,160x176x64,160x176x1024,20,20x24,5x5(4x5),0.295231,0.00015108,,0.363627,175.007,1,regressed,measured,,,1,,,,,,,,
result:vision_projection,result,20260727_074700,Ascend910B3,20,full,,16,vision_projection,,3136x4096x1024,fp16,,,,,,,0.136236,,,0.787998,,,regressed,,0.107354,10,1,,,,,,,,
baseline:skinny_m_large_k,baseline,20260727_074700,Ascend910B3,20,full,,17,skinny_m_large_k,-1,17x4096x16384,fp16,,,,,,,0.064878,6.54006e-05,35.1691,,,,official,,,,1,,,,,,,,
candidate:skinny_m_large_k:1,candidate,20260727_074700,Ascend910B3,20,full,321,17,skinny_m_large_k,1,17x4096x16384,fp16,BASE,32x208x64,32x208x16384,20,1x20,1x1(1x20),0.17252,7.76061e-05,,0.37606,165.915,1,regressed,best,,,1,,,,,,,,
candidate:skinny_m_large_k:2,candidate,20260727_074700,Ascend910B3,20,full,322,17,skinny_m_large_k,2,17x4096x16384,fp16,BASE,32x208x64,32x208x16384,20,1x20,1x1(1x20),0.172233,9.74966e-05,,0.376688,165.472,1,regressed,best,,,1,,,,,,,,
candidate:skinny_m_large_k:3,candidate,20260727_074700,Ascend910B3,20,full,323,17,skinny_m_large_k,3,17x4096x16384,fp16,BASE,32x224x64,32x224x16384,20,1x19,1x1(1x19),0.135164,8.37728e-05,,0.479993,108.336,1,regressed,best,,,1,,,,,,,,
candidate:skinny_m_large_k:4,candidate,20260727_074700,Ascend910B3,20,full,324,17,skinny_m_large_k,4,17x4096x16384,fp16,BASE,32x224x64,32x224x16384,20,1x19,1x1(1x19),0.134057,0.000122773,,0.483958,106.63,1,regressed,best,,,1,,,,,,,,
candidate:skinny_m_large_k:9,candidate,20260727_074700,Ascend910B3,20,full,329,17,skinny_m_large_k,9,17x4096x16384,fp16,BASE,32x256x64,32x256x16384,20,1x16,1x1(1x16),0.0688348,8.04575e-05,,0.942517,6.09883,1,regressed,best,,,1,,,,,,,,
candidate:skinny_m_large_k:10,candidate,20260727_074700,Ascend910B3,20,full,330,17,skinny_m_large_k,10,17x4096x16384,fp16,BASE,32x256x64,32x256x16384,20,1x16,1x1(1x16),0.0687232,6.08826e-05,,0.944048,5.92682,1,regressed,best,,,1,,,,,,,,
candidate:skinny_m_large_k:20,candidate,20260727_074700,Ascend910B3,20,full,340,17,skinny_m_large_k,20,17x4096x16384,fp16,BASE,32x320x32,32x320x16384,20,1x13,1x1(1x13),0.115596,9.56438e-05,,0.561248,78.1744,1,regressed,measured,,,1,,,,,,,,
result:skinny_m_large_k,result,20260727_074700,Ascend910B3,20,full,,17,skinny_m_large_k,,17x4096x16384,fp16,,,,,,,0.0687232,,,0.944048,,,regressed,,0.064878,10,1,,,,,,,,
baseline:skinny_n_large_k,baseline,20260727_074700,Ascend910B3,20,full,,18,skinny_n_large_k,-1,4096x17x16384,fp16,,,,,,,0.103036,0.000200036,22.1446,,,,official,,,,1,,,,,,,,
candidate:skinny_n_large_k:1,candidate,20260727_074700,Ascend910B3,20,full,341,18,skinny_n_large_k,1,4096x17x16384,fp16,BASE,208x32x64,208x32x16384,20,20x1,5x1(4x1),0.0689648,0.000357736,,1.49404,-33.0675,1,improved,best,,,1,,,,,,,,
candidate:skinny_n_large_k:10,candidate,20260727_074700,Ascend910B3,20,full,350,18,skinny_n_large_k,10,4096x17x16384,fp16,BASE,128x32x128,128x32x16384,20,32x1,8x1(4x1),0.0804748,0.000116316,,1.28036,-21.8967,1,improved,measured,,,1,,,,,,,,
failure:after_350,control_failure,20260727_074700,Ascend910B3,20,full,351,18,skinny_n_large_k,11,4096x17x16384,fp16,,,,,,,,,,,,,not_measured,,,,0,host_reported_IO_operation_on_closed_file_before_candidate_result,,,,,,,
coverage:20260727_140854,coverage,20260727_140854,Ascend910B3,20,full,1-40,1-10,,,,,,,,,,,,,,,,,success,,,,1,all_40_searched_candidates_completed_9_official_baselines_completed_1_int8_unsupported,,,,,,,
baseline:large_k_small_mn:20260727_140854,baseline,20260727_140854,Ascend910B3,20,full,,1,large_k_small_mn,-1,128x128x32768,fp16,,,,,,,0.0327812,8.74306e-05,32.7548,,,,official,,,,1,,,,,,,,
candidate:large_k_small_mn:1:20260727_140854,candidate,20260727_140854,Ascend910B3,20,full,1,1,large_k_small_mn,1,128x128x32768,fp16,BASE,32x32x512,32x32x32768,20,4x4,1x1(4x4),0.0981172,0.000132096,,0.334102,199.309,1,regressed,best,,,1,,,,,,,,
candidate:large_k_small_mn:2:20260727_140854,candidate,20260727_140854,Ascend910B3,20,full,2,1,large_k_small_mn,2,128x128x32768,fp16,BASE,16x64x256,16x64x32768,20,8x2,2x1(4x2),0.0924664,0.000217442,,0.35452,182.071,1.42985,regressed,best,,,1,,,,,,,,
candidate:large_k_small_mn:10:20260727_140854,candidate,20260727_140854,Ascend910B3,20,full,10,1,large_k_small_mn,10,128x128x32768,fp16,BASE,32x16x512,32x16x32768,20,4x8,1x2(4x5),0.186848,,,0.175443,469.985,1.83618,regressed,measured,,,0,stddev_not_visible_in_transcript,,,,,,,
candidate:large_k_small_mn:20:20260727_140854,candidate,20260727_140854,Ascend910B3,20,full,20,1,large_k_small_mn,20,128x128x32768,fp16,BASE,48x80x128,48x80x32768,20,3x2,1x1(3x2),0.231782,,,0.141431,607.056,1.92522,regressed,measured,,,0,stddev_not_visible_in_transcript,,,,,,,
result:large_k_small_mn:20260727_140854,result,20260727_140854,Ascend910B3,20,full,,1,large_k_small_mn,,128x128x32768,fp16,,,,,,,0.0924664,,,0.35452,,,regressed,,0.0327812,2,1,selection_official,,,,,,,
baseline:odd_tail_1:20260727_140854,baseline,20260727_140854,Ascend910B3,20,full,,2,odd_tail_1,-1,257x1009x4097,fp16,,,,,,,0.049586,7.94473e-05,42.851,,,,official,,,,1,,,,,,,,
candidate:odd_tail_1:1:20260727_140854,candidate,20260727_140854,Ascend910B3,20,full,21,2,odd_tail_1,1,257x1009x4097,fp16,BASE,144x112x96,144x112x4097,20,2x10,1x1(2x10),0.049518,,,1.00137,-0.137139,1,within_noise,best,,,0,stddev_not_visible_in_transcript,,,,,,,
candidate:odd_tail_1:10:20260727_140854,candidate,20260727_140854,Ascend910B3,20,full,30,2,odd_tail_1,10,257x1009x4097,fp16,BASE,176x112x64,176x112x4097,20,2x10,1x1(2x10),0.0495992,,,0.999734,0.0266181,1,within_noise,measured,,,0,stddev_not_visible_in_transcript,,,,,,,
candidate:odd_tail_1:13:20260727_140854,candidate,20260727_140854,Ascend910B3,20,full,33,2,odd_tail_1,13,257x1009x4097,fp16,BASE,160x144x96,160x144x4097,20,2x8,1x1(2x8),0.0495156,8.89315e-05,,1.00142,-0.141976,1,within_noise,best,,,1,,,,,,,,
candidate:odd_tail_1:20:20260727_140854,candidate,20260727_140854,Ascend910B3,20,full,40,2,odd_tail_1,20,257x1009x4097,fp16,BASE,176x144x64,176x144x4097,20,2x8,1x1(2x8),0.0496696,8.29385e-05,,0.998317,0.168594,1,within_noise,measured,,,1,,,,,,,,
result:odd_tail_1:20260727_140854,result,20260727_140854,Ascend910B3,20,full,,2,odd_tail_1,,257x1009x4097,fp16,,,,,,,0.0495156,,,1.00142,,,within_noise,,0.049586,13,1,selection_official,,,,,,,
baseline:odd_tail_2:20260727_140854,baseline,20260727_140854,Ascend910B3,20,full,,3,odd_tail_2,-1,1025x4097x3073,fp16,,,,,,,0.184911,0.000193378,139.579,,,,official,,,,1,,,,,,,,
result:odd_tail_2:20260727_140854,result,20260727_140854,Ascend910B3,20,full,,3,odd_tail_2,,1025x4097x3073,fp16,,,,,,,,,,,,,no_searched_candidate,,0.184911,,1,selection_official,,,,,,,
baseline:odd_tail_3:20260727_140854,baseline,20260727_140854,Ascend910B3,20,full,,4,odd_tail_3,-1,4095x11007x4093,fp16,,,,,,,1.83983,0.000366682,200.547,,,,official,,,,1,,,,,,,,
result:odd_tail_3:20260727_140854,result,20260727_140854,Ascend910B3,20,full,,4,odd_tail_3,,4095x11007x4093,fp16,,,,,,,,,,,,,no_searched_candidate,,1.83983,,1,selection_official,,,,,,,
baseline:trans_a_case:20260727_140854,baseline,20260727_140854,Ascend910B3,20,full,,5,trans_a_case,-1,4096x3072x2048,fp16,,,,,,,0.200272,9.14612e-05,257.348,,,,official,,,,1,,,,,,,,
result:trans_a_case:20260727_140854,result,20260727_140854,Ascend910B3,20,full,,5,trans_a_case,,4096x3072x2048,fp16,,,,,,,,,,,,,no_searched_candidate,,0.200272,,1,selection_official,,,,,,,
baseline:trans_b_case:20260727_140854,baseline,20260727_140854,Ascend910B3,20,full,,6,trans_b_case,-1,2048x4096x3072,fp16,,,,,,,0.197912,6.08409e-05,260.417,,,,official,,,,1,,,,,,,,
result:trans_b_case:20260727_140854,result,20260727_140854,Ascend910B3,20,full,,6,trans_b_case,,2048x4096x3072,fp16,,,,,,,,,,,,,no_searched_candidate,,0.197912,,1,selection_official,,,,,,,
baseline:trans_ab_case:20260727_140854,baseline,20260727_140854,Ascend910B3,20,full,,7,trans_ab_case,-1,1024x1536x2048,fp16,,,,,,,0.042384,2.86089e-05,152.002,,,,official,,,,1,,,,,,,,
result:trans_ab_case:20260727_140854,result,20260727_140854,Ascend910B3,20,full,,7,trans_ab_case,,1024x1536x2048,fp16,,,,,,,,,,,,,no_searched_candidate,,0.042384,,1,selection_official,,,,,,,
baseline:bf16_llm:20260727_140854,baseline,20260727_140854,Ascend910B3,20,full,,8,bf16_llm,-1,4096x11008x4096,bf16,,,,,,,1.35292,0.000193145,273.015,,,,official,,,,1,,,,,,,,
result:bf16_llm:20260727_140854,result,20260727_140854,Ascend910B3,20,full,,8,bf16_llm,,4096x11008x4096,bf16,,,,,,,,,,,,,no_searched_candidate,,1.35292,,1,selection_official,,,,,,,
baseline:fp32_square:20260727_140854,baseline,20260727_140854,Ascend910B3,20,full,,9,fp32_square,-1,2048x2048x2048,fp32,,,,,,,0.252212,2.87768e-05,68.1168,,,,official,,,,1,,,,,,,,
result:fp32_square:20260727_140854,result,20260727_140854,Ascend910B3,20,full,,9,fp32_square,,2048x2048x2048,fp32,,,,,,,,,,,,,no_searched_candidate,,0.252212,,1,selection_official,,,,,,,
result:int8_projection:20260727_140854,unsupported,20260727_140854,Ascend910B3,20,full,,10,int8_projection,,4096x4096x8192,int8,,,,,,,,,,,,,unsupported,,,,1,MatMulV3_input_path_not_supported,,,,,,,
summary:20260727_140854,run_summary,20260727_140854,Ascend910B3,20,full,1-40,1-10,,,,,,,,,,,,,,,,,no_improved_candidate,,,,1,improved_0_within_noise_1_regressed_1_no_candidate_7_unsupported_1_selected_official_9,,,,,,,
bank_control:skinny_n_large_k:20260727_224648,bank_control,20260727_224648,Ascend910B3,20,full,,18,skinny_n_large_k,0,4096x17x16384,fp16,BASE,128x32x64,128x32x16384,20,32x1,8x1(4x1),0.104695,0,,0.984152,1.61031,1,regressed,control,0.103036,,1,official_bank_seed_control,0,16x64,2x2x1,0,grid9_v1,0,0
candidate:skinny_n_large_k:rank1:20260728_004622,candidate,20260728_004622,Ascend910B3,20,full,1,1,skinny_n_large_k,1,4096x17x16384,fp16,BASE,208x32x64,208x32x16384,20,20x1,5x1(4x1),0.0748452,0.000246559,,1.37665,-27.3601,1,improved,best,0.103036,,1,focused_core_balance_official_L1_new_measurement,1,8x64,2x2x1,0,grid9_v1,0,0
candidate:skinny_n_large_k:rank4:20260727_224648,candidate,20260727_224648,Ascend910B3,20,full,343,18,skinny_n_large_k,4,4096x17x16384,fp16,BASE,208x32x64,208x32x16384,20,20x1,5x1(4x1),0.079038,0.000162997,,1.30363,-23.2909,1,improved,best,,,1,core_balance_plus_A_heavy_L1,0,16x8,1x1x1,0,grid9_v1,0,0
candidate:skinny_n_large_k:rank5:20260727_224648,candidate,20260727_224648,Ascend910B3,20,full,344,18,skinny_n_large_k,5,4096x17x16384,fp16,BASE,208x32x64,208x32x16384,20,20x1,5x1(4x1),0.076718,0.000120357,,1.34305,-25.5425,1,improved,best,,,1,core_balance_plus_A_heavy_L1,0,16x8,1x1x1,1,grid9_v1,0,0
candidate:skinny_n_large_k:rank6:20260727_224648,candidate,20260727_224648,Ascend910B3,20,full,345,18,skinny_n_large_k,6,4096x17x16384,fp16,BASE,208x32x64,208x32x16384,20,20x1,5x1(4x1),0.0683464,0.000510499,,1.50756,-33.6675,1.06427,improved,best,,,1,core_balance_plus_A_heavy_L1_input_DB,0,16x8,2x2x1,0,grid9_v1,0,0
candidate:skinny_n_large_k:rank9:20260727_224648,candidate,20260727_224648,Ascend910B3,20,full,348,18,skinny_n_large_k,9,4096x17x16384,fp16,BASE,208x32x64,208x32x16384,20,20x1,5x1(4x1),0.0674828,0.000171182,,1.52685,-34.5056,1,improved,best,,,1,measured_best_A_heavy_L1_full_DB_L2_order,0,16x8,2x2x2,1,grid9_v1,0,0
result:llm_decode_qkv_1:20260727_224648,result,20260727_224648,Ascend910B3,20,full,,1,llm_decode_qkv_1,,1x12288x4096,fp16,,,,,,,0.050536,,,1.00565,,,within_noise,,0.0508192,15,1,broad_search_partial_result_discarded,,,,,,,
result:llm_decode_o_1:20260727_224648,result,20260727_224648,Ascend910B3,20,full,,2,llm_decode_o_1,,1x4096x4096,fp16,,,,,,,0.0187552,,,1.00087,,,within_noise,,0.0187716,4,1,broad_search_partial_result_discarded,,,,,,,
result:llm_decode_ffn_up_1:20260727_224648,result,20260727_224648,Ascend910B3,20,full,,3,llm_decode_ffn_up_1,,1x11008x4096,fp16,,,,,,,0.05046,,,1.00483,,,within_noise,,0.0507036,10,1,broad_search_partial_result_discarded,,,,,,,
result:llm_decode_ffn_down_1:20260727_224648,result,20260727_224648,Ascend910B3,20,full,,4,llm_decode_ffn_down_1,,1x4096x11008,fp16,,,,,,,0.0461208,,,1.00571,,,within_noise,,0.046384,14,1,broad_search_partial_result_discarded,,,,,,,
result:llm_batch8_qkv:20260727_224648,result,20260727_224648,Ascend910B3,20,full,,5,llm_batch8_qkv,,8x12288x4096,fp16,,,,,,,0.0534016,,,1.0056,,,within_noise,,0.0537008,5,1,broad_search_partial_result_discarded,,,,,,,
result:llm_batch32_ffn_up:20260727_224648,result,20260727_224648,Ascend910B3,20,full,,6,llm_batch32_ffn_up,,32x11008x4096,fp16,,,,,,,0.0600484,,,0.999347,,,within_noise,,0.0600092,19,1,broad_search_partial_result_discarded,,,,,,,
result:llm_prefill128_qkv:20260727_224648,result,20260727_224648,Ascend910B3,20,full,,7,llm_prefill128_qkv,,128x12288x4096,fp16,,,,,,,0.0639264,,,1.01041,,,improved,,0.0645916,10,1,only_1.00095x_vs_same_path_bank_not_proven,,,,,,,
result:llm_prefill512_ffn_up:20260727_224648,result,20260727_224648,Ascend910B3,20,full,,8,llm_prefill512_ffn_up,,512x11008x4096,fp16,,,,,,,0.180687,,,1.00724,,,within_noise,,0.181996,18,1,broad_search_partial_result_discarded,,,,,,,
result:llm_prefill2048_ffn_down:20260727_224648,result,20260727_224648,Ascend910B3,20,full,,9,llm_prefill2048_ffn_down,,2048x4096x11008,fp16,,,,,,,0.792969,,,1.00256,,,within_noise,,0.795001,9,1,broad_search_partial_result_discarded,,,,,,,
result:llm_full_4096_ffn_up:20260727_224648,result,20260727_224648,Ascend910B3,20,full,,10,llm_full_4096_ffn_up,,4096x11008x4096,fp16,,,,,,,1.77397,,,0.767003,,,regressed,,1.36064,10,1,broad_generic_anchor_failure,,,,,,,
result:llm_full_4096_ffn_down:20260727_224648,result,20260727_224648,Ascend910B3,20,full,,11,llm_full_4096_ffn_down,,4096x4096x11008,fp16,,,,,,,1.38152,,,0.999213,,,within_noise,,1.38043,2,1,broad_search_partial_result_discarded,,,,,,,
result:llm_8192_square:20260727_224648,result,20260727_224648,Ascend910B3,20,full,,12,llm_8192_square,,8192x8192x8192,fp16,,,,,,,4.08998,,,0.989526,,,regressed,,4.04714,19,1,broad_generic_anchor_failure,,,,,,,
result:attention_score_128:20260727_224648,result,20260727_224648,Ascend910B3,20,full,,13,attention_score_128,,128x128x128,fp16,,,,,,,0.0033352,,,0.958623,,,within_noise,,0.0031972,1,1,high_measurement_noise,,,,,,,
result:attention_score_1024:20260727_224648,result,20260727_224648,Ascend910B3,20,full,,14,attention_score_1024,,1024x1024x128,fp16,,,,,,,0.0097784,,,0.96388,,,regressed,,0.0094252,7,1,broad_search_partial_result_discarded,,,,,,,
result:attention_value_1024:20260727_224648,result,20260727_224648,Ascend910B3,20,full,,15,attention_value_1024,,1024x128x1024,fp16,,,,,,,0.0059184,,,0.99831,,,within_noise,,0.0059084,11,1,broad_search_partial_result_discarded,,,,,,,
result:vision_projection:20260727_224648,result,20260727_224648,Ascend910B3,20,full,,16,vision_projection,,3136x4096x1024,fp16,,,,,,,0.107279,,,1.0007,,,within_noise,,0.107354,17,1,broad_search_partial_result_discarded,,,,,,,
result:skinny_m_large_k:20260727_224648,result,20260727_224648,Ascend910B3,20,full,,17,skinny_m_large_k,,17x4096x16384,fp16,,,,,,,0.0797536,,,0.813481,,,regressed,,0.064878,2,1,asymmetry_confirms_skinny_M_is_different_family,,,,,,,
result:skinny_n_large_k:20260727_224648,result,20260727_224648,Ascend910B3,20,full,,18,skinny_n_large_k,,4096x17x16384,fp16,,,,,,,0.0674828,,,1.52685,,,improved,,0.103036,9,1,only_robust_improvement_and_active_scope,,,,,,,
result:skinny_n_large_k:20260728_015915,result,20260728_015915,Ascend910B3,20,full,,36,skinny_n_large_k,,4096x17x16384,fp16,,,,,,,0.0674828,0.000171182,,1.52685,-34.5056,,improved,,0.103036,4,1,exact_resume_confirmed_known_anchor,,,,,,0,0
result:skinny_n_holdout_m3072_k8192:20260728_015915,result,20260728_015915,Ascend910B3,20,full,,33,skinny_n_holdout_m3072_k8192,,3072x17x8192,fp16,,,,,,,0.0670132,0.0001176,,0.998967,0.103375,,within_noise,,0.066944,1,1,initial_skinny_hypothesis_not_improved,,,,,,0,0
result:skinny_n_holdout_n24_k12288:20260728_015915,result,20260728_015915,Ascend910B3,20,full,,35,skinny_n_holdout_n24_k12288,,4096x24x12288,fp16,,,,,,,0.159046,0.00118356,,1.00111,-0.110789,,within_noise,,0.159223,3,1,initial_skinny_hypothesis_not_improved,,,,,,0,0
result:skinny_n_holdout_m4608_n31:20260728_015915,result,20260728_015915,Ascend910B3,20,full,,34,skinny_n_holdout_m4608_n31,,4608x31x16384,fp16,,,,,,,0.073756,0.000265536,,1.45776,-31.4015,,improved,,0.107518,2,1,k16384_skinny_holdout_improved,,,,,,0,0
result:skinny_n_boundary_n33:20260728_015915,result,20260728_015915,Ascend910B3,20,full,,32,skinny_n_boundary_n33,,4096x33x16384,fp16,,,,,,,0.093862,0.00039209,,1.00052,-0.0519637,,within_noise,,0.0939108,2,1,n33_boundary_not_improved,,,,,,0,0
result:large_k_small_mn:20260728_015915,result,20260728_015915,Ascend910B3,20,full,,13,large_k_small_mn,,128x128x32768,fp16,,,,,,,0.031082,0.000088605,,1.05467,-5.18346,,improved,,0.0327812,1,1,aligned_deterministic_iterate_order_anchor,,,,,,0,0
bank_control:skinny_n_holdout_m4608_n31:20260728_015915,bank_control,20260728_015915,Ascend910B3,20,full,,21,skinny_n_holdout_m4608_n31,0,4608x31x16384,fp16,BASE,128x32x64,128x32x16384,20,36x1,9x1(4x1),0.105924,,,1.01505,-1.48291,1,improved,bank_control,0.107518,,1,official_bank_seed_control,0,16x64,2x2x1,0,grid9_v1,0,0
candidate:skinny_n_holdout_m4608_n31:rank1:20260728_015915,candidate,20260728_015915,Ascend910B3,20,full,53,21,skinny_n_holdout_m4608_n31,1,4608x31x16384,fp16,BASE,240x32x64,240x32x16384,20,20x1,5x1(4x1),0.0837728,0.000250615,,1.28345,-22.0851,1,improved,best,0.107518,,1,skinny_n_ablation_core_balance,0,8x64,2x2x1,0,grid9_v1,0,0
candidate:skinny_n_holdout_m4608_n31:rank2:20260728_015915,candidate,20260728_015915,Ascend910B3,20,full,54,21,skinny_n_holdout_m4608_n31,2,4608x31x16384,fp16,BASE,240x32x64,240x32x16384,20,20x1,5x1(4x1),0.073756,0.000265536,,1.45776,-31.4015,1,improved,best,0.107518,2,1,skinny_n_ablation_l1_rebalance,0,16x8,2x2x1,0,grid9_v1,0,0
result:deterministic_split_k_unaligned:20260728_015915,result,20260728_015915,Ascend910B3,20,full,,10,deterministic_split_k_unaligned,,127x127x32769,fp16,,,,,,,0.0849404,0.000217493,,0.919247,8.7847,,regressed,,0.0780812,1,1,unaligned_negative_control_pruned_from_search,,,,,,0,0
baseline:20260728_015915:llm_decode_qkv_1,baseline,20260728_015915,Ascend910B3,20,full,,1,llm_decode_qkv_1,-1,1x12288x4096,fp16,,,,,,,0.050524,2.23268e-05,1.99239,,,,success,,0.050524,,1,structured_from_successful_full_terminal_log,,,,,,0,0
bank_control:20260728_015915:llm_decode_qkv_1,bank_control,20260728_015915,Ascend910B3,20,full,,1,llm_decode_qkv_1,0,1x12288x4096,fp16,BASE,16x128x128,16x128x4096,20,1x96,1x1(1x96),0.0505424,0,1.99166038811,,,,within_noise,,0.050524,,1,structured_from_successful_full_terminal_log; L2O=official_seed_zero,0,64x8,2x2x1,0,grid9_v1,0,0
baseline:20260728_015915:llm_decode_o_1,baseline,20260728_015915,Ascend910B3,20,full,,2,llm_decode_o_1,-1,1x4096x4096,fp16,,,,,,,0.0187716,9.47382e-05,1.78751,,,,success,,0.0187716,,1,structured_from_successful_full_terminal_log,,,,,,0,0
bank_control:20260728_015915:llm_decode_o_1,bank_control,20260728_015915,Ascend910B3,20,full,,2,llm_decode_o_1,0,1x4096x4096,fp16,BASE,16x256x64,16x256x4096,20,1x16,1x1(1x16),0.0187712,0,1.78754858507,,,,within_noise,,0.0187716,,1,structured_from_successful_full_terminal_log; L2O=official_seed_zero,0,128x8,2x2x1,0,grid9_v1,0,0
baseline:20260728_015915:llm_decode_ffn_up_1,baseline,20260728_015915,Ascend910B3,20,full,,3,llm_decode_ffn_up_1,-1,1x11008x4096,fp16,,,,,,,0.0507036,6.17306e-05,1.77852,,,,success,,0.0507036,,1,structured_from_successful_full_terminal_log,,,,,,0,0
bank_control:20260728_015915:llm_decode_ffn_up_1,bank_control,20260728_015915,Ascend910B3,20,full,,3,llm_decode_ffn_up_1,0,1x11008x4096,fp16,BASE,16x128x128,16x128x4096,20,1x86,1x1(1x86),0.0507076,0,1.77838304317,,,,within_noise,,0.0507036,,1,structured_from_successful_full_terminal_log; L2O=official_seed_zero,0,64x8,2x2x1,0,grid9_v1,0,0
baseline:20260728_015915:llm_decode_ffn_down_1,baseline,20260728_015915,Ascend910B3,20,full,,4,llm_decode_ffn_down_1,-1,1x4096x11008,fp16,,,,,,,0.046168,8.68121e-05,1.95325,,,,success,,0.046168,,1,structured_from_successful_full_terminal_log,,,,,,0,0
bank_control:20260728_015915:llm_decode_ffn_down_1,bank_control,20260728_015915,Ascend910B3,20,full,,4,llm_decode_ffn_down_1,0,1x4096x11008,fp16,BASE,16x256x64,16x256x11008,20,1x16,1x1(1x16),0.0461308,0,1.95482272148,,,,within_noise,,0.046168,,1,structured_from_successful_full_terminal_log; L2O=official_seed_zero,0,128x8,2x2x1,0,grid9_v1,0,0
baseline:20260728_015915:llm_batch8_qkv,baseline,20260728_015915,Ascend910B3,20,full,,5,llm_batch8_qkv,-1,8x12288x4096,fp16,,,,,,,0.0537008,0.000323294,14.9962,,,,success,,0.0537008,,1,structured_from_successful_full_terminal_log,,,,,,0,0
bank_control:20260728_015915:llm_batch8_qkv,bank_control,20260728_015915,Ascend910B3,20,full,,5,llm_batch8_qkv,0,8x12288x4096,fp16,BASE,16x128x128,16x128x4096,20,1x96,1x1(1x96),0.0534928,0,15.0544815003,,,,within_noise,,0.0537008,,1,structured_from_successful_full_terminal_log; L2O=official_seed_zero,0,64x8,2x2x1,0,grid9_v1,0,0
baseline:20260728_015915:llm_batch32_ffn_up,baseline,20260728_015915,Ascend910B3,20,full,,6,llm_batch32_ffn_up,-1,32x11008x4096,fp16,,,,,,,0.0600092,0.000125418,48.0873,,,,success,,0.0600092,,1,structured_from_successful_full_terminal_log,,,,,,0,0
bank_control:20260728_015915:llm_batch32_ffn_up,bank_control,20260728_015915,Ascend910B3,20,full,,6,llm_batch32_ffn_up,0,32x11008x4096,fp16,BASE,32x128x128,32x128x4096,20,1x86,1x1(1x86),0.0601788,0,47.9517895339,,,,within_noise,,0.0600092,,1,structured_from_successful_full_terminal_log; L2O=official_seed_zero,0,32x8,2x2x1,0,grid9_v1,0,0
baseline:20260728_015915:llm_prefill128_qkv,baseline,20260728_015915,Ascend910B3,20,full,,7,llm_prefill128_qkv,-1,128x12288x4096,fp16,,,,,,,0.0645916,6.50083e-05,199.483,,,,success,,0.0645916,,1,structured_from_successful_full_terminal_log,,,,,,0,0
bank_control:20260728_015915:llm_prefill128_qkv,bank_control,20260728_015915,Ascend910B3,20,full,,7,llm_prefill128_qkv,0,128x12288x4096,fp16,BASE,128x256x64,128x256x4096,20,1x48,1x1(1x48),0.0644312,0,199.979231925,,,,within_noise,,0.0645916,,1,structured_from_successful_full_terminal_log; L2O=official_seed_zero,0,16x8,2x2x1,0,grid9_v1,0,0
baseline:20260728_015915:llm_prefill512_ffn_up,baseline,20260728_015915,Ascend910B3,20,full,,8,llm_prefill512_ffn_up,-1,512x11008x4096,fp16,,,,,,,0.181996,2.593e-05,253.691,,,,success,,0.181996,,1,structured_from_successful_full_terminal_log,,,,,,0,0
bank_control:20260728_015915:llm_prefill512_ffn_up,bank_control,20260728_015915,Ascend910B3,20,full,,8,llm_prefill512_ffn_up,0,512x11008x4096,fp16,BASE,128x256x64,128x256x4096,20,4x43,1x2(4x22),0.182208,0,253.396658939,,,,within_noise,,0.181996,,1,structured_from_successful_full_terminal_log; L2O=official_seed_zero,0,16x8,2x2x1,0,grid9_v1,0,0
baseline:20260728_015915:llm_prefill2048_ffn_down,baseline,20260728_015915,Ascend910B3,20,full,,9,llm_prefill2048_ffn_down,-1,2048x4096x11008,fp16,,,,,,,0.795001,7.332e-05,232.306,,,,success,,0.795001,,1,structured_from_successful_full_terminal_log,,,,,,0,0
bank_control:20260728_015915:llm_prefill2048_ffn_down,bank_control,20260728_015915,Ascend910B3,20,full,,9,llm_prefill2048_ffn_down,0,2048x4096x11008,fp16,BASE,128x256x64,128x256x11008,20,16x16,1x2(16x8),0.819651,0,225.319793092,,,,regressed,,0.795001,,1,structured_from_successful_full_terminal_log; L2O=official_seed_zero,0,16x8,2x2x1,0,grid9_v1,0,0
baseline:20260728_015915:llm_full_4096_ffn_up,baseline,20260728_015915,Ascend910B3,20,full,,10,llm_full_4096_ffn_up,-1,4096x11008x4096,fp16,,,,,,,1.35224,0.000323309,273.152,,,,success,,1.35224,,1,structured_from_successful_full_terminal_log,,,,,,0,0
bank_control:20260728_015915:llm_full_4096_ffn_up,bank_control,20260728_015915,Ascend910B3,20,full,,10,llm_full_4096_ffn_up,0,4096x11008x4096,fp16,BASE,128x256x64,128x256x4096,20,32x43,3x2(11x22),1.36621,0,270.359013223,,,,regressed,,1.35224,,1,structured_from_successful_full_terminal_log; L2O=official_seed_zero,0,16x8,2x2x1,0,grid9_v1,0,0
baseline:20260728_015915:llm_full_4096_ffn_down,baseline,20260728_015915,Ascend910B3,20,full,,11,llm_full_4096_ffn_down,-1,4096x4096x11008,fp16,,,,,,,1.35531,9.62611e-05,272.534,,,,success,,1.35531,,1,structured_from_successful_full_terminal_log,,,,,,0,0
bank_control:20260728_015915:llm_full_4096_ffn_down,bank_control,20260728_015915,Ascend910B3,20,full,,11,llm_full_4096_ffn_down,0,4096x4096x11008,fp16,BASE,128x256x64,128x256x11008,20,32x16,3x2(11x8),1.37793,0,268.059471422,,,,regressed,,1.35531,,1,structured_from_successful_full_terminal_log; L2O=official_seed_zero,0,16x8,2x2x1,0,grid9_v1,0,0
baseline:20260728_015915:llm_8192_square,baseline,20260728_015915,Ascend910B3,20,full,,12,llm_8192_square,-1,8192x8192x8192,fp16,,,,,,,4.04714,0.000688341,271.676,,,,success,,4.04714,,1,structured_from_successful_full_terminal_log,,,,,,0,0
bank_control:20260728_015915:llm_8192_square,bank_control,20260728_015915,Ascend910B3,20,full,,12,llm_8192_square,0,8192x8192x8192,fp16,BASE,128x256x64,128x256x8192,20,64x32,5x3(13x11),4.02494,0,273.174662921,,,,within_noise,,4.04714,,1,structured_from_successful_full_terminal_log; L2O=official_seed_zero,0,16x8,2x2x1,0,grid9_v1,0,0
baseline:20260728_015915:attention_score_128,baseline,20260728_015915,Ascend910B3,20,full,,13,attention_score_128,-1,128x128x128,fp16,,,,,,,0.0031972,0.000235214,1.31187,,,,success,,0.0031972,,1,structured_from_successful_full_terminal_log,,,,,,0,1
bank_control:20260728_015915:attention_score_128,bank_control,20260728_015915,Ascend910B3,20,full,,13,attention_score_128,0,128x128x128,fp16,BASE,64x16x128,64x16x128,16,2x8,1x1(2x8),0.0035908,0,1.16806951097,,,,within_noise,,0.0031972,,1,structured_from_successful_full_terminal_log; L2O=official_seed_zero,0,1x1,2x2x2,0,grid9_v1,0,1
baseline:20260728_015915:attention_score_1024,baseline,20260728_015915,Ascend910B3,20,full,,14,attention_score_1024,-1,1024x1024x128,fp16,,,,,,,0.0094252,5.96252e-05,28.4806,,,,success,,0.0094252,,1,structured_from_successful_full_terminal_log,,,,,,0,1
bank_control:20260728_015915:attention_score_1024,bank_control,20260728_015915,Ascend910B3,20,full,,14,attention_score_1024,0,1024x1024x128,fp16,BASE,128x256x64,128x256x128,20,8x4,1x1(8x4),0.0097192,0,27.619089637,,,,regressed,,0.0094252,,1,structured_from_successful_full_terminal_log; L2O=official_seed_zero,0,16x8,2x2x1,0,grid9_v1,0,1
baseline:20260728_015915:attention_value_1024,baseline,20260728_015915,Ascend910B3,20,full,,15,attention_value_1024,-1,1024x128x1024,fp16,,,,,,,0.0059084,4.37778e-05,45.4329,,,,success,,0.0059084,,1,structured_from_successful_full_terminal_log,,,,,,0,0
bank_control:20260728_015915:attention_value_1024,bank_control,20260728_015915,Ascend910B3,20,full,,15,attention_value_1024,0,1024x128x1024,fp16,BASE,64x128x128,64x128x1024,20,16x1,1x1(16x1),0.0059132,0,45.3959710478,,,,within_noise,,0.0059084,,1,structured_from_successful_full_terminal_log; L2O=official_seed_zero,0,16x8,2x2x1,0,grid9_v1,0,0
baseline:20260728_015915:vision_projection,baseline,20260728_015915,Ascend910B3,20,full,,16,vision_projection,-1,3136x4096x1024,fp16,,,,,,,0.107354,5.59397e-05,245.046,,,,success,,0.107354,,1,structured_from_successful_full_terminal_log,,,,,,0,0
bank_control:20260728_015915:vision_projection,bank_control,20260728_015915,Ascend910B3,20,full,,16,vision_projection,0,3136x4096x1024,fp16,BASE,128x256x64,128x256x1024,20,25x16,1x1(25x16),0.106882,0,246.128203888,,,,within_noise,,0.107354,,1,structured_from_successful_full_terminal_log; L2O=official_seed_zero,0,16x8,2x2x1,0,grid9_v1,0,0
baseline:20260728_015915:skinny_m_large_k,baseline,20260728_015915,Ascend910B3,20,full,,17,skinny_m_large_k,-1,17x4096x16384,fp16,,,,,,,0.064878,6.54006e-05,35.1691,,,,success,,0.064878,,1,structured_from_successful_full_terminal_log,,,,,,0,0
bank_control:20260728_015915:skinny_m_large_k,bank_control,20260728_015915,Ascend910B3,20,full,,17,skinny_m_large_k,0,17x4096x16384,fp16,BASE,32x256x64,32x256x16384,20,1x16,1x4(1x5),0.064334,0,35.4664932384,,,,within_noise,,0.064878,,1,structured_from_successful_full_terminal_log; L2O=official_seed_zero,0,64x8,2x2x1,0,grid9_v1,0,0
baseline:20260728_015915:skinny_n_large_k,baseline,20260728_015915,Ascend910B3,20,full,,18,skinny_n_large_k,-1,4096x17x16384,fp16,,,,,,,0.103036,0.000200036,22.1446,,,,success,,0.103036,,1,structured_from_successful_full_terminal_log,,,,,,0,0
bank_control:20260728_015915:skinny_n_large_k,bank_control,20260728_015915,Ascend910B3,20,full,,18,skinny_n_large_k,0,4096x17x16384,fp16,BASE,128x32x64,128x32x16384,20,32x1,8x1(4x1),0.104695,0,21.7937950809,,,,regressed,,0.103036,,1,structured_from_successful_full_terminal_log; L2O=official_seed_zero,0,16x64,2x2x1,0,grid9_v1,0,0
baseline:20260728_015915:skinny_n_holdout_m3072_k8192,baseline,20260728_015915,Ascend910B3,20,full,,19,skinny_n_holdout_m3072_k8192,-1,3072x17x8192,fp16,,,,,,,0.066944,0.000153231,12.7814,,,,success,,0.066944,,1,structured_from_successful_full_terminal_log,,,,,,0,0
bank_control:20260728_015915:skinny_n_holdout_m3072_k8192,bank_control,20260728_015915,Ascend910B3,20,full,,19,skinny_n_holdout_m3072_k8192,0,3072x17x8192,fp16,BASE,128x32x64,128x32x8192,20,24x1,1x1(24x1),0.067562,0,12.6644861905,,,,within_noise,,0.066944,,1,structured_from_successful_full_terminal_log; L2O=official_seed_zero,0,16x64,2x2x1,0,grid9_v1,0,0
baseline:20260728_015915:skinny_n_holdout_n24_k12288,baseline,20260728_015915,Ascend910B3,20,full,,20,skinny_n_holdout_n24_k12288,-1,4096x24x12288,fp16,,,,,,,0.159223,0.00104757,15.1732,,,,success,,0.159223,,1,structured_from_successful_full_terminal_log,,,,,,0,0
bank_control:20260728_015915:skinny_n_holdout_n24_k12288,bank_control,20260728_015915,Ascend910B3,20,full,,20,skinny_n_holdout_n24_k12288,0,4096x24x12288,fp16,BASE,128x32x64,128x32x12288,20,32x1,1x1(32x1),0.158695,0,15.2236623964,,,,within_noise,,0.159223,,1,structured_from_successful_full_terminal_log; L2O=official_seed_zero,0,16x64,2x2x1,0,grid9_v1,0,0
baseline:20260728_015915:skinny_n_holdout_m4608_n31,baseline,20260728_015915,Ascend910B3,20,full,,21,skinny_n_holdout_m4608_n31,-1,4608x31x16384,fp16,,,,,,,0.107518,0.000235198,43.5353,,,,success,,0.107518,,1,structured_from_successful_full_terminal_log,,,,,,0,0
bank_control:20260728_015915:skinny_n_holdout_m4608_n31,bank_control,20260728_015915,Ascend910B3,20,full,,21,skinny_n_holdout_m4608_n31,0,4608x31x16384,fp16,BASE,128x32x64,128x32x16384,20,36x1,9x1(4x1),0.105924,0,44.1905825309,,,,improved,,0.107518,,1,structured_from_successful_full_terminal_log; L2O=official_seed_zero,0,16x64,2x2x1,0,grid9_v1,0,0
baseline:20260728_015915:skinny_n_boundary_n33,baseline,20260728_015915,Ascend910B3,20,full,,22,skinny_n_boundary_n33,-1,4096x33x16384,fp16,,,,,,,0.0939108,0.000212078,47.1637,,,,success,,0.0939108,,1,structured_from_successful_full_terminal_log,,,,,,0,0
bank_control:20260728_015915:skinny_n_boundary_n33,bank_control,20260728_015915,Ascend910B3,20,full,,22,skinny_n_boundary_n33,0,4096x33x16384,fp16,BASE,128x48x64,128x48x16384,20,32x1,8x1(4x1),0.0948196,0,46.7117033187,,,,within_noise,,0.0939108,,1,structured_from_successful_full_terminal_log; L2O=official_seed_zero,0,16x32,2x2x1,0,grid9_v1,0,0
baseline:20260728_015915:large_k_small_mn,baseline,20260728_015915,Ascend910B3,20,full,,23,large_k_small_mn,-1,128x128x32768,fp16,,,,,,,0.0327812,8.74306e-05,32.7548,,,,success,,0.0327812,,1,structured_from_successful_full_terminal_log,,,,,,0,0
bank_control:20260728_015915:large_k_small_mn,bank_control,20260728_015915,Ascend910B3,20,full,,23,large_k_small_mn,0,128x128x32768,fp16,DETERMINISTIC_SPLIT_K,128x128x128,384x128x384,20,1x1,1x1(8x1),0.0333464,0,32.1996324641,,,,regressed,,0.0327812,,1,structured_from_successful_full_terminal_log; L2O=official_seed_zero,1,9x6,2x2x2,0,grid9_v1,0,0
baseline:20260728_015915:odd_tail_1,baseline,20260728_015915,Ascend910B3,20,full,,24,odd_tail_1,-1,257x1009x4097,fp16,,,,,,,0.049586,7.94473e-05,42.851,,,,success,,0.049586,,1,structured_from_successful_full_terminal_log,,,,,,0,0
bank_control:20260728_015915:odd_tail_1,bank_control,20260728_015915,Ascend910B3,20,full,,24,odd_tail_1,0,257x1009x4097,fp16,BASE,128x176x64,128x176x4097,20,3x6,1x1(3x6),0.0500188,0,42.4802418691,,,,within_noise,,0.049586,,1,structured_from_successful_full_terminal_log; L2O=official_seed_zero,0,16x8,2x2x1,0,grid9_v1,0,0
baseline:20260728_015915:odd_tail_2,baseline,20260728_015915,Ascend910B3,20,full,,25,odd_tail_2,-1,1025x4097x3073,fp16,,,,,,,0.184911,0.000193378,139.579,,,,success,,0.184911,,1,structured_from_successful_full_terminal_log,,,,,,0,0
bank_control:20260728_015915:odd_tail_2,bank_control,20260728_015915,Ascend910B3,20,full,,25,odd_tail_2,0,1025x4097x3073,fp16,BASE,128x256x64,128x256x3073,20,9x17,1x1(9x17),0.181318,0,142.344753692,,,,improved,,0.184911,,1,structured_from_successful_full_terminal_log; L2O=official_seed_zero,0,16x8,2x2x1,0,grid9_v1,0,0
baseline:20260728_015915:odd_tail_3,baseline,20260728_015915,Ascend910B3,20,full,,26,odd_tail_3,-1,4095x11007x4093,fp16,,,,,,,1.83983,0.000366682,200.547,,,,success,,1.83983,,1,structured_from_successful_full_terminal_log,,,,,,0,0
bank_control:20260728_015915:odd_tail_3,bank_control,20260728_015915,Ascend910B3,20,full,,26,odd_tail_3,0,4095x11007x4093,fp16,BASE,128x256x64,128x256x4093,20,32x43,3x2(11x22),1.83473,0,201.104806533,,,,within_noise,,1.83983,,1,structured_from_successful_full_terminal_log; L2O=official_seed_zero,0,16x8,2x2x1,0,grid9_v1,0,0
baseline:20260728_015915:trans_a_case,baseline,20260728_015915,Ascend910B3,20,full,,27,trans_a_case,-1,4096x3072x2048,fp16,,,,,,,0.200272,9.14612e-05,257.348,,,,success,,0.200272,,1,structured_from_successful_full_terminal_log,,,,,,1,0
bank_control:20260728_015915:trans_a_case,bank_control,20260728_015915,Ascend910B3,20,full,,27,trans_a_case,0,4096x3072x2048,fp16,BASE,128x256x64,128x256x2048,20,32x12,1x1(32x12),0.200149,0,257.506195644,,,,within_noise,,0.200272,,1,structured_from_successful_full_terminal_log; L2O=official_seed_zero,0,16x8,2x2x1,0,grid9_v1,1,0
baseline:20260728_015915:trans_b_case,baseline,20260728_015915,Ascend910B3,20,full,,28,trans_b_case,-1,2048x4096x3072,fp16,,,,,,,0.197912,6.08409e-05,260.417,,,,success,,0.197912,,1,structured_from_successful_full_terminal_log,,,,,,0,1
bank_control:20260728_015915:trans_b_case,bank_control,20260728_015915,Ascend910B3,20,full,,28,trans_b_case,0,2048x4096x3072,fp16,BASE,128x256x64,128x256x3072,20,16x16,1x1(16x16),0.196406,0,262.413610338,,,,within_noise,,0.197912,,1,structured_from_successful_full_terminal_log; L2O=official_seed_zero,0,16x8,2x2x1,0,grid9_v1,0,1
baseline:20260728_015915:trans_ab_case,baseline,20260728_015915,Ascend910B3,20,full,,29,trans_ab_case,-1,1024x1536x2048,fp16,,,,,,,0.042384,2.86089e-05,152.002,,,,success,,0.042384,,1,structured_from_successful_full_terminal_log,,,,,,1,1
bank_control:20260728_015915:trans_ab_case,bank_control,20260728_015915,Ascend910B3,20,full,,29,trans_ab_case,0,1024x1536x2048,fp16,BASE,256x128x64,256x128x2048,20,4x12,1x1(4x12),0.0417304,0,154.38267891,,,,improved,,0.042384,,1,structured_from_successful_full_terminal_log; L2O=official_seed_zero,0,8x16,2x2x1,0,grid9_v1,1,1
baseline:20260728_015915:bf16_llm,baseline,20260728_015915,Ascend910B3,20,full,,30,bf16_llm,-1,4096x11008x4096,bf16,,,,,,,1.35292,0.000193145,273.015,,,,success,,1.35292,,1,structured_from_successful_full_terminal_log,,,,,,0,0
bank_control:20260728_015915:bf16_llm,bank_control,20260728_015915,Ascend910B3,20,full,,30,bf16_llm,0,4096x11008x4096,bf16,BASE,128x256x64,128x256x4096,20,32x43,3x2(11x22),1.34527,0,274.567326601,,,,within_noise,,1.35292,,1,structured_from_successful_full_terminal_log; L2O=official_seed_zero,0,16x8,2x2x1,0,grid9_v1,0,0
baseline:20260728_015915:fp32_square,baseline,20260728_015915,Ascend910B3,20,full,,31,fp32_square,-1,2048x2048x2048,fp32,,,,,,,0.252212,2.87768e-05,68.1168,,,,success,,0.252212,,1,structured_from_successful_full_terminal_log,,,,,,0,0
bank_control:20260728_015915:fp32_square,bank_control,20260728_015915,Ascend910B3,20,full,,31,fp32_square,0,2048x2048x2048,fp32,BASE,128x256x32,128x256x2048,20,16x8,1x1(16x8),0.252361,0,68.0765616874,,,,within_noise,,0.252212,,1,structured_from_successful_full_terminal_log; L2O=official_seed_zero,0,16x8,2x2x1,0,grid9_v1,0,0
baseline:20260728_015915:single_core_split_k_aligned,baseline,20260728_015915,Ascend910B3,20,full,,33,single_core_split_k_aligned,-1,4096x4096x32768,fp16,,,,,,,6.22875,0.0213914,176.522,,,,success,,6.22875,,1,structured_from_successful_full_terminal_log,,,,,,0,0
bank_control:20260728_015915:single_core_split_k_aligned,bank_control,20260728_015915,Ascend910B3,20,full,,33,single_core_split_k_aligned,0,4096x4096x32768,fp16,SINGLE_CORE_SPLIT_K,128x128x128,416x2048x384,20,10x2,8x4(4x4),6.243,0,176.119113852,,,,within_noise,,6.22875,,1,structured_from_successful_full_terminal_log; L2O=official_seed_zero,1,9x6,2x2x2,0,grid9_v1,0,0
baseline:20260728_015915:single_core_split_k_unaligned,baseline,20260728_015915,Ascend910B3,20,full,,34,single_core_split_k_unaligned,-1,4097x4097x32769,fp16,,,,,,,7.85949,0.00109681,139.969,,,,success,,7.85949,,1,structured_from_successful_full_terminal_log,,,,,,0,0
bank_control:20260728_015915:single_core_split_k_unaligned,bank_control,20260728_015915,Ascend910B3,20,full,,34,single_core_split_k_unaligned,0,4097x4097x32769,fp16,SINGLE_CORE_SPLIT_K,128x128x128,416x2176x384,20,10x2,9x4(4x5),7.88424,0,139.529255203,,,,within_noise,,7.85949,,1,structured_from_successful_full_terminal_log; L2O=official_seed_zero,1,9x6,2x2x2,0,grid9_v1,0,0
baseline:20260728_015915:deterministic_split_k_unaligned,baseline,20260728_015915,Ascend910B3,20,full,,35,deterministic_split_k_unaligned,-1,127x127x32769,fp16,,,,,,,0.0780812,0.000175156,13.538,,,,success,,0.0780812,,1,structured_from_successful_full_terminal_log,,,,,,0,0
bank_control:20260728_015915:deterministic_split_k_unaligned,bank_control,20260728_015915,Ascend910B3,20,full,,35,deterministic_split_k_unaligned,0,127x127x32769,fp16,DETERMINISTIC_SPLIT_K,128x128x128,384x127x384,20,1x1,1x1(1x1),0.0935992,0,11.2934982564,,,,regressed,,0.0780812,,1,structured_from_successful_full_terminal_log; L2O=official_seed_zero,1,9x6,2x2x2,0,grid9_v1,0,0
baseline:20260728_015915:al1_full_load_fp32_nt,baseline,20260728_015915,Ascend910B3,20,full,,36,al1_full_load_fp32_nt,-1,16x320x4096,fp32,,,,,,,0.0127756,0.000102054,3.28306,,,,success,,0.0127756,,1,structured_from_successful_full_terminal_log,,,,,,0,1
bank_control:20260728_015915:al1_full_load_fp32_nt,bank_control,20260728_015915,Ascend910B3,20,full,,36,al1_full_load_fp32_nt,0,16x320x4096,fp32,AL1_FULL_LOAD,16x16x256,16x16x4096,20,1x20,1x1(1x20),0.0129004,0,3.25129763418,,,,within_noise,,0.0127756,,1,structured_from_successful_full_terminal_log; L2O reconstructed from unique current callback match,0,16x2,2x2x2,1,grid9_v1,0,1
baseline:20260728_015915:bl1_full_load_aligned,baseline,20260728_015915,Ascend910B3,20,full,,37,bl1_full_load_aligned,-1,65536x128x128,fp16,,,,,,,0.0126808,6.506e-05,169.349,,,,success,,0.0126808,,1,structured_from_successful_full_terminal_log,,,,,,0,0
bank_control:20260728_015915:bl1_full_load_aligned,bank_control,20260728_015915,Ascend910B3,20,full,,37,bl1_full_load_aligned,0,65536x128x128,fp16,BL1_FULL_LOAD,128x128x128,256x128x128,20,256x1,1x1(256x1),0.0129936,0,165.272414727,,,,regressed,,0.0126808,,1,structured_from_successful_full_terminal_log; L2O reconstructed from unique current callback match,0,2x1,2x2x2,1,grid9_v1,0,0
baseline:20260728_015915:bl1_full_load_unaligned,baseline,20260728_015915,Ascend910B3,20,full,,38,bl1_full_load_unaligned,-1,65536x192x16,fp16,,,,,,,0.0449332,9.98205e-05,8.96115,,,,success,,0.0449332,,1,structured_from_successful_full_terminal_log,,,,,,1,0
bank_control:20260728_015915:bl1_full_load_unaligned,bank_control,20260728_015915,Ascend910B3,20,full,,38,bl1_full_load_unaligned,0,65536x192x16,fp16,BL1_FULL_LOAD,128x192x64,256x192x16,20,256x1,1x1(256x1),0.0459228,0,8.76804515404,,,,regressed,,0.0449332,,1,structured_from_successful_full_terminal_log; L2O reconstructed from unique current callback match,0,2x1,2x2x1,1,grid9_v1,1,0
baseline:20260728_015915:bl1_full_load_fixpipe,baseline,20260728_015915,Ascend910B3,20,full,,39,bl1_full_load_fixpipe,-1,65536x7x16,fp16,,,,,,,0.0202172,0.000162,0.726118,,,,success,,0.0202172,,1,structured_from_successful_full_terminal_log,,,,,,0,0
bank_control:20260728_015915:bl1_full_load_fixpipe,bank_control,20260728_015915,Ascend910B3,20,full,,39,bl1_full_load_fixpipe,0,65536x7x16,fp16,BL1_FULL_LOAD_FIXPIPE,256x16x64,256x16x16,20,256x1,1x1(0x0),0.0200088,0,0.733680380633,,,,within_noise,,0.0202172,,1,structured_from_successful_full_terminal_log; L2O=official_seed_zero,0,1x1,2x2x1,0,grid9_v1,0,0
baseline:20260728_015915:bl1_full_load_vec_nz2nd,baseline,20260728_015915,Ascend910B3,20,full,,40,bl1_full_load_vec_nz2nd,-1,65536x7x8,fp32,,,,,,,0.0653352,0.000228438,0.112344,,,,success,,0.0653352,,1,structured_from_successful_full_terminal_log,,,,,,0,0
bank_control:20260728_015915:bl1_full_load_vec_nz2nd,bank_control,20260728_015915,Ascend910B3,20,full,,40,bl1_full_load_vec_nz2nd,0,65536x7x8,fp32,BL1_FULL_LOAD_VEC_NZ2ND,128x16x64,128x16x8,20,512x1,1x1(0x0),0.0667876,0,0.109901119369,,,,regressed,,0.0653352,,1,structured_from_successful_full_terminal_log; L2O=official_seed_zero,0,1x1,2x2x1,0,grid9_v1,0,0
candidate:20260728_015915:large_k_small_mn:1,candidate,20260728_015915,Ascend910B3,20,full,61,23,large_k_small_mn,1,128x128x32768,fp16,DETERMINISTIC_SPLIT_K,128x128x128,384x128x384,20,1x1,1x1(8x1),0.031082,8.8605e-05,34.5468,1.05467,-5.18346,1,improved,best,0.0327812,,1,structured_from_successful_full_terminal_log,0,9x6,2x2x2,0,grid9_v1,0,0
baseline:20260728_045208:skinny_n_k16384_holdout_m3072_n17,baseline,20260728_045208,Ascend910B3,20,full,,41,skinny_n_k16384_holdout_m3072_n17,-1,3072x17x16384,fp16,,,,,,,0.0998632,0.000141247,17.1362,,,,success,,0.0998632,,1,structured_from_successful_net_log1_terminal_log,,,,,,0,0
bank_control:20260728_045208:skinny_n_k16384_holdout_m3072_n17,bank_control,20260728_045208,Ascend910B3,20,full,,41,skinny_n_k16384_holdout_m3072_n17,0,3072x17x16384,fp16,BASE,128x32x64,128x32x16384,20,24x1,1x1(24x1),0.100736,0,16.9877306226,,,,within_noise,,0.0998632,,1,structured_from_successful_net_log1_terminal_log; L2O reconstructed from official bank seed,0,16x64,2x2x1,0,grid9_v1,0,0
baseline:20260728_045208:skinny_n_k16384_holdout_m4096_n24,baseline,20260728_045208,Ascend910B3,20,full,,42,skinny_n_k16384_holdout_m4096_n24,-1,4096x24x16384,fp16,,,,,,,0.101098,0.000200164,31.8623,,,,success,,0.101098,,1,structured_from_successful_net_log1_terminal_log,,,,,,0,0
bank_control:20260728_045208:skinny_n_k16384_holdout_m4096_n24,bank_control,20260728_045208,Ascend910B3,20,full,,42,skinny_n_k16384_holdout_m4096_n24,0,4096x24x16384,fp16,BASE,128x32x64,128x32x16384,20,32x1,8x1(4x1),0.103626,0,31.0851086793,,,,regressed,,0.101098,,1,structured_from_successful_net_log1_terminal_log; L2O reconstructed from official bank seed,0,16x64,2x2x1,0,grid9_v1,0,0
baseline:20260728_045208:skinny_n_k16384_holdout_m5120_n29,baseline,20260728_045208,Ascend910B3,20,full,,43,skinny_n_k16384_holdout_m5120_n29,-1,5120x29x16384,fp16,,,,,,,0.108315,0.000241363,44.919,,,,success,,0.108315,,1,structured_from_successful_net_log1_terminal_log,,,,,,0,0
bank_control:20260728_045208:skinny_n_k16384_holdout_m5120_n29,bank_control,20260728_045208,Ascend910B3,20,full,,43,skinny_n_k16384_holdout_m5120_n29,0,5120x29x16384,fp16,BASE,128x32x64,128x32x16384,20,40x1,10x1(4x1),0.106654,0,45.6184731937,,,,improved,,0.108315,,1,structured_from_successful_net_log1_terminal_log; L2O reconstructed from official bank seed,0,16x64,2x2x1,0,grid9_v1,0,0
baseline:20260728_045208:det_split_k_aligned_holdout_k16384,baseline,20260728_045208,Ascend910B3,20,full,,44,det_split_k_aligned_holdout_k16384,-1,128x128x16384,fp16,,,,,,,0.0280296,9.95981e-05,19.1537,,,,success,,0.0280296,,1,structured_from_successful_net_log1_terminal_log,,,,,,0,0
bank_control:20260728_045208:det_split_k_aligned_holdout_k16384,bank_control,20260728_045208,Ascend910B3,20,full,,44,det_split_k_aligned_holdout_k16384,0,128x128x16384,fp16,DETERMINISTIC_SPLIT_K,128x128x128,384x128x384,20,1x1,1x1(8x1),0.0288948,0,18.5801913147,,,,regressed,,0.0280296,,1,structured_from_successful_net_log1_terminal_log; L2O reconstructed from official bank seed,1,9x6,2x2x2,0,grid9_v1,0,0
baseline:20260728_045208:det_split_k_aligned_holdout_k49152,baseline,20260728_045208,Ascend910B3,20,full,,45,det_split_k_aligned_holdout_k49152,-1,128x128x49152,fp16,,,,,,,0.0366844,8.78302e-05,43.9046,,,,success,,0.0366844,,1,structured_from_successful_net_log1_terminal_log,,,,,,0,0
bank_control:20260728_045208:det_split_k_aligned_holdout_k49152,bank_control,20260728_045208,Ascend910B3,20,full,,45,det_split_k_aligned_holdout_k49152,0,128x128x49152,fp16,DETERMINISTIC_SPLIT_K,128x128x128,384x128x384,20,1x1,1x1(8x1),0.036796,0,43.7714081965,,,,within_noise,,0.0366844,,1,structured_from_successful_net_log1_terminal_log; L2O reconstructed from official bank seed,1,9x6,2x2x2,0,grid9_v1,0,0
baseline:20260728_045208:det_split_k_aligned_holdout_k65536,baseline,20260728_045208,Ascend910B3,20,full,,46,det_split_k_aligned_holdout_k65536,-1,128x128x65536,fp16,,,,,,,0.0567772,0.000145644,37.823,,,,success,,0.0567772,,1,structured_from_successful_net_log1_terminal_log,,,,,,0,0
bank_control:20260728_045208:det_split_k_aligned_holdout_k65536,bank_control,20260728_045208,Ascend910B3,20,full,,46,det_split_k_aligned_holdout_k65536,0,128x128x65536,fp16,DETERMINISTIC_SPLIT_K,128x128x128,384x128x384,20,1x1,1x1(8x1),0.0607888,0,35.3269623352,,,,regressed,,0.0567772,,1,structured_from_successful_net_log1_terminal_log; L2O reconstructed from official bank seed,1,9x6,2x2x2,0,grid9_v1,0,0
candidate:20260728_045208:llm_decode_o_1:1,candidate,20260728_045208,Ascend910B3,20,full,1,2,llm_decode_o_1,1,1x4096x4096,fp16,BASE,16x208x64,16x208x4096,20,1x20,1x1(1x20),0.0187944,6.25991e-05,1.78534201677,0.998787,0.121457,1,within_noise,best,0.0187716,,1,structured_from_successful_net_log1_terminal_log; cause=core_grid/bottleneck_core_grid_round_boundary; L2O reconstructed from named transition,0,128x8,2x2x1,0,grid9_v1,0,0
candidate:20260728_045208:llm_decode_ffn_down_1:1,candidate,20260728_045208,Ascend910B3,20,full,2,4,llm_decode_ffn_down_1,1,1x4096x11008,fp16,BASE,16x208x64,16x208x11008,20,1x20,1x1(1x20),0.0463656,2.83203e-05,1.94492330521,0.995738,0.428001,1,within_noise,best,0.046168,,1,structured_from_successful_net_log1_terminal_log; cause=core_grid/bottleneck_core_grid_round_boundary; L2O reconstructed from named transition,0,128x8,2x2x1,0,grid9_v1,0,0
candidate:20260728_045208:llm_prefill128_qkv:1,candidate,20260728_045208,Ascend910B3,20,full,3,7,llm_prefill128_qkv,1,128x12288x4096,fp16,BASE,128x208x64,128x208x4096,20,1x60,1x1(1x60),0.0643544,3.74643e-05,200.217885459,1.00369,-0.367222,1,within_noise,best,0.0645916,,1,structured_from_successful_net_log1_terminal_log; cause=core_grid/bottleneck_core_grid_round_boundary; L2O reconstructed from named transition,0,16x8,2x2x1,0,grid9_v1,0,0
candidate:20260728_045208:llm_prefill512_ffn_up:1,candidate,20260728_045208,Ascend910B3,20,full,4,8,llm_prefill512_ffn_up,1,512x11008x4096,fp16,BASE,128x256x64,128x256x4096,20,4x43,1x3(4x15),0.181997,2.7047e-05,253.690436831,0.999996,0.000441375,1,within_noise,best,0.181996,,1,structured_from_successful_net_log1_terminal_log; cause=mte2/bottleneck_l2_tail_transition; L2O reconstructed from named transition,0,16x8,2x2x1,0,grid9_v1,0,0
candidate:20260728_045208:llm_prefill512_ffn_up:2,candidate,20260728_045208,Ascend910B3,20,full,5,8,llm_prefill512_ffn_up,2,512x11008x4096,fp16,BASE,128x256x64,128x256x4096,20,4x43,1x2(4x22),0.181995,3.04707e-05,253.693224715,1,-0.00043896,1,within_noise,best,0.181996,,1,structured_from_successful_net_log1_terminal_log; cause=terminal_omitted; L2O reconstructed from named transition,0,16x8,2x2x1,2,grid9_v1,0,0
candidate:20260728_045208:llm_prefill2048_ffn_down:1,candidate,20260728_045208,Ascend910B3,20,full,6,9,llm_prefill2048_ffn_down,1,2048x4096x11008,fp16,BASE,128x256x64,128x256x11008,20,16x16,1x2(16x8),0.794114,0.000118133,232.565593514,1.00112,-0.111162,1,within_noise,best,0.795001,,1,structured_from_successful_net_log1_terminal_log; cause=mte2/bottleneck_l2_reuse_b_col_first; L2O reconstructed from named transition,0,16x8,2x2x1,2,grid9_v1,0,0
candidate:20260728_045208:llm_full_4096_ffn_up:1,candidate,20260728_045208,Ascend910B3,20,full,7,10,llm_full_4096_ffn_up,1,4096x11008x4096,fp16,BASE,128x256x64,128x256x4096,20,32x43,3x2(11x22),1.36648,0.000361051,270.305593537,0.989578,1.05321,1,regressed,best,1.35224,,1,structured_from_successful_net_log1_terminal_log; cause=mte2/bottleneck_l2_reuse_b_col_first; L2O reconstructed from named transition,0,16x8,2x2x1,2,grid9_v1,0,0
candidate:20260728_045208:attention_score_1024:1,candidate,20260728_045208,Ascend910B3,20,full,8,14,attention_score_1024,1,1024x1024x128,fp16,BASE,128x208x64,128x208x128,20,8x5,1x1(8x5),0.0096124,5.5894e-05,27.9259556406,0.980525,1.98616,1,regressed,best,0.0094252,,1,structured_from_successful_net_log1_terminal_log; cause=core_grid/bottleneck_core_grid_round_boundary; L2O reconstructed from named transition,0,16x8,2x2x1,0,grid9_v1,0,1
candidate:20260728_045208:attention_value_1024:1,candidate,20260728_045208,Ascend910B3,20,full,9,15,attention_value_1024,1,1024x128x1024,fp16,BASE,112x64x128,112x64x1024,20,10x2,1x1(10x2),0.00611,2.44361e-05,43.9337898527,0.967005,3.41209,1,regressed,best,0.0059084,,1,structured_from_successful_net_log1_terminal_log; cause=core_grid/bottleneck_core_grid_round_boundary; L2O reconstructed from named transition,0,8x16,2x2x1,0,grid9_v1,0,0
candidate:20260728_045208:vision_projection:1,candidate,20260728_045208,Ascend910B3,20,full,10,16,vision_projection,1,3136x4096x1024,fp16,BASE,128x256x64,128x256x1024,20,25x16,1x1(25x16),0.106658,6.73783e-05,246.645115116,1.00653,-0.648695,1,within_noise,best,0.107354,,1,structured_from_successful_net_log1_terminal_log; cause=mte2/bottleneck_l2_reuse_b_col_first; L2O reconstructed from named transition,0,16x8,2x2x1,2,grid9_v1,0,0
candidate:20260728_045208:skinny_m_large_k:1,candidate,20260728_045208,Ascend910B3,20,full,11,17,skinny_m_large_k,1,17x4096x16384,fp16,BASE,32x208x64,32x208x16384,20,1x20,1x1(1x20),0.170923,0.000181059,13.3492939862,0.379574,163.453,1,regressed,best,0.064878,,1,structured_from_successful_net_log1_terminal_log; cause=core_grid/bottleneck_core_grid_round_boundary; L2O reconstructed from named transition,0,64x8,2x2x1,0,grid9_v1,0,0
candidate:20260728_045208:skinny_m_large_k:2,candidate,20260728_045208,Ascend910B3,20,full,12,17,skinny_m_large_k,2,17x4096x16384,fp16,BASE,32x256x64,32x256x16384,20,1x16,1x3(1x6),0.064922,0.000108084,35.1452724192,0.999322,0.067818,1,within_noise,best,0.064878,,1,structured_from_successful_net_log1_terminal_log; cause=terminal_omitted; L2O reconstructed from named transition,0,64x8,2x2x1,0,grid9_v1,0,0
candidate:20260728_045208:skinny_n_holdout_m3072_k8192:1,candidate,20260728_045208,Ascend910B3,20,full,17,19,skinny_n_holdout_m3072_k8192,1,3072x17x8192,fp16,BASE,160x32x64,160x32x8192,20,20x1,1x1(20x1),0.0675864,0.000136779,12.6599140656,0.990495,0.959605,1,within_noise,best,0.066944,,1,structured_from_successful_net_log1_terminal_log; cause=core_grid/bottleneck_core_grid_round_boundary; L2O reconstructed from named transition,0,12x60,2x2x1,0,grid9_v1,0,0
candidate:20260728_045208:skinny_n_holdout_n24_k12288:1,candidate,20260728_045208,Ascend910B3,20,full,18,20,skinny_n_holdout_n24_k12288,1,4096x24x12288,fp16,BASE,208x32x64,208x32x12288,20,20x1,1x1(20x1),0.165355,0.000389295,14.6104992531,0.962917,3.85108,1,regressed,best,0.159223,,1,structured_from_successful_net_log1_terminal_log; cause=core_grid/bottleneck_core_grid_round_boundary; L2O reconstructed from named transition,0,8x64,2x2x1,0,grid9_v1,0,0
candidate:20260728_045208:skinny_n_boundary_n33:1,candidate,20260728_045208,Ascend910B3,20,full,23,22,skinny_n_boundary_n33,1,4096x33x16384,fp16,BASE,208x48x64,208x48x16384,20,20x1,1x1(20x1),0.080212,0.000235067,55.2184838179,1.17078,-14.587,1,improved,best,0.0939108,,1,structured_from_successful_net_log1_terminal_log; cause=core_grid/bottleneck_core_grid_round_boundary; L2O reconstructed from named transition,0,8x40,2x2x1,0,grid9_v1,0,0
candidate:20260728_045208:odd_tail_1:1,candidate,20260728_045208,Ascend910B3,20,full,25,24,odd_tail_1,1,257x1009x4097,fp16,BASE,128x176x64,128x176x4097,20,3x6,1x1(3x6),0.0497212,8.46458e-05,42.7345020233,0.997281,0.272654,1,within_noise,best,0.049586,,1,structured_from_successful_net_log1_terminal_log; cause=mte2/bottleneck_l1_packet_b; L2O reconstructed from named transition,0,12x12,2x2x1,0,grid9_v1,0,0
candidate:20260728_045208:odd_tail_2:1,candidate,20260728_045208,Ascend910B3,20,full,27,25,odd_tail_2,1,1025x4097x3073,fp16,BASE,128x256x64,128x256x3073,20,9x17,1x1(9x17),0.186154,0.000237158,138.6468518,0.993323,0.672217,1,within_noise,best,0.184911,,1,structured_from_successful_net_log1_terminal_log; cause=mte2/bottleneck_l2_reuse_b_col_first; L2O reconstructed from named transition,0,16x8,2x2x1,2,grid9_v1,0,0
candidate:20260728_045208:odd_tail_3:1,candidate,20260728_045208,Ascend910B3,20,full,28,26,odd_tail_3,1,4095x11007x4093,fp16,BASE,128x256x64,128x256x4093,20,32x43,3x2(11x22),1.84096,0.000410155,200.424246964,0.999385,0.061531,1,within_noise,best,1.83983,,1,structured_from_successful_net_log1_terminal_log; cause=mte2/bottleneck_l2_reuse_b_col_first; L2O reconstructed from named transition,0,16x8,2x2x1,2,grid9_v1,0,0
candidate:20260728_045208:trans_a_case:1,candidate,20260728_045208,Ascend910B3,20,full,29,27,trans_a_case,1,4096x3072x2048,fp16,BASE,128x256x64,128x256x2048,20,32x12,1x1(32x12),0.200722,5.85234e-05,256.77109411,0.99776,0.224498,1,within_noise,best,0.200272,,1,structured_from_successful_net_log1_terminal_log; cause=mte2/bottleneck_l2_reuse_a_row_first; L2O reconstructed from named transition,0,16x8,2x2x1,1,grid9_v1,1,0
candidate:20260728_045208:trans_b_case:1,candidate,20260728_045208,Ascend910B3,20,full,30,28,trans_b_case,1,2048x4096x3072,fp16,BASE,128x256x64,128x256x3072,20,16x16,1x1(16x16),0.197614,4.32268e-05,260.809495036,1.00151,-0.150368,1,within_noise,best,0.197912,,1,structured_from_successful_net_log1_terminal_log; cause=mte2/bottleneck_l2_reuse_b_col_first; L2O reconstructed from named transition,0,16x8,2x2x1,2,grid9_v1,0,1
candidate:20260728_045208:trans_ab_case:1,candidate,20260728_045208,Ascend910B3,20,full,31,29,trans_ab_case,1,1024x1536x2048,fp16,BASE,208x128x64,208x128x2048,20,5x12,1x1(5x12),0.041942,2.75261e-05,153.603808688,1.01054,-1.04285,1,improved,best,0.042384,,1,structured_from_successful_net_log1_terminal_log; cause=core_grid/bottleneck_core_grid_round_boundary; L2O reconstructed from named transition,0,8x16,2x2x1,0,grid9_v1,1,1
candidate:20260728_045208:bf16_llm:1,candidate,20260728_045208,Ascend910B3,20,full,33,30,bf16_llm,1,4096x11008x4096,bf16,BASE,128x256x64,128x256x4096,20,32x43,3x2(11x22),1.36123,0.000272673,271.348109765,0.993898,0.613901,1,within_noise,best,1.35292,,1,structured_from_successful_net_log1_terminal_log; cause=mte2/bottleneck_l2_reuse_b_col_first; L2O reconstructed from named transition,0,16x8,2x2x1,2,grid9_v1,0,0
candidate:20260728_045208:single_core_split_k_aligned:1,candidate,20260728_045208,Ascend910B3,20,full,34,33,single_core_split_k_aligned,1,4096x4096x32768,fp16,SINGLE_CORE_SPLIT_K,128x128x128,416x2048x384,20,10x2,8x4(4x4),10.2075,0.00924643,107.716054644,0.610216,63.8764,1,regressed,best,6.22875,,1,structured_from_successful_net_log1_terminal_log; cause=l2_capacity/bottleneck_sc_split_k_inner_n; L2O reconstructed from named transition,1,9x6,2x2x2,1,grid9_v1,0,0
candidate:20260728_045208:single_core_split_k_unaligned:1,candidate,20260728_045208,Ascend910B3,20,full,35,34,single_core_split_k_unaligned,1,4097x4097x32769,fp16,SINGLE_CORE_SPLIT_K,128x128x128,416x2176x384,20,10x2,9x4(4x5),9.88982,0.00101692,111.233787373,0.794705,25.8328,1,regressed,best,7.85949,,1,structured_from_successful_net_log1_terminal_log; cause=l2_capacity/bottleneck_sc_split_k_inner_n; L2O reconstructed from named transition,1,9x6,2x2x2,1,grid9_v1,0,0
candidate:20260728_045208:skinny_n_k16384_holdout_m3072_n17:1,candidate,20260728_045208,Ascend910B3,20,full,36,41,skinny_n_k16384_holdout_m3072_n17,1,3072x17x16384,fp16,BASE,160x32x64,160x32x16384,20,20x1,5x1(4x1),0.0624984,9.56166e-05,27.3811174686,1.59785,-37.416,1,improved,best,0.0998632,,1,structured_from_successful_net_log1_terminal_log; cause=core_grid/skinny_n_ablation_l1_rebalance; L2O reconstructed from named transition,0,16x8,2x2x1,0,grid9_v1,0,0
candidate:20260728_045208:skinny_n_k16384_holdout_m4096_n24:1,candidate,20260728_045208,Ascend910B3,20,full,37,42,skinny_n_k16384_holdout_m4096_n24,1,4096x24x16384,fp16,BASE,208x32x64,208x32x16384,20,20x1,5x1(4x1),0.0695908,0.000201924,46.2880937135,1.45276,-31.1653,1,improved,best,0.101098,,1,structured_from_successful_net_log1_terminal_log; cause=core_grid/skinny_n_ablation_l0c_double_buffer; L2O reconstructed from named transition,0,16x8,2x2x2,0,grid9_v1,0,0
candidate:20260728_045208:skinny_n_k16384_holdout_m4096_n24:2,candidate,20260728_045208,Ascend910B3,20,full,38,42,skinny_n_k16384_holdout_m4096_n24,2,4096x24x16384,fp16,BASE,208x32x64,208x32x16384,20,20x1,5x1(4x1),0.0688736,0.000196718,46.7701045393,1.46788,-31.8747,1,improved,best,0.101098,,1,structured_from_successful_net_log1_terminal_log; cause=terminal_omitted; L2O reconstructed from named transition,0,16x8,2x2x2,1,grid9_v1,0,0
candidate:20260728_045208:skinny_n_k16384_holdout_m4096_n24:4,candidate,20260728_045208,Ascend910B3,20,full,40,42,skinny_n_k16384_holdout_m4096_n24,4,4096x24x16384,fp16,BASE,208x32x64,208x32x16384,20,20x1,5x1(4x1),0.068666,0.000200235,46.9115060146,1.47232,-32.08,1,improved,best,0.101098,,1,structured_from_successful_net_log1_terminal_log; cause=core_grid/skinny_n_ablation_l1_rebalance; L2O reconstructed from named transition,0,16x8,2x2x1,0,grid9_v1,0,0
candidate:20260728_045208:skinny_n_k16384_holdout_m5120_n29:1,candidate,20260728_045208,Ascend910B3,20,full,41,43,skinny_n_k16384_holdout_m5120_n29,1,5120x29x16384,fp16,BASE,256x32x64,256x32x16384,20,20x1,5x1(4x1),0.099614,0.000734799,48.842458289,1.08735,-8.03288,1,improved,best,0.108315,,1,structured_from_successful_net_log1_terminal_log; cause=l2_tail/skinny_n_ablation_l0c_double_buffer; L2O reconstructed from named transition,0,8x8,2x2x2,0,grid9_v1,0,0
candidate:20260728_045208:skinny_n_k16384_holdout_m5120_n29:2,candidate,20260728_045208,Ascend910B3,20,full,42,43,skinny_n_k16384_holdout_m5120_n29,2,5120x29x16384,fp16,BASE,256x32x64,256x32x16384,20,20x1,5x1(4x1),0.0872652,0.000309361,55.7540994577,1.24121,-19.4337,1,improved,best,0.108315,,1,structured_from_successful_net_log1_terminal_log; cause=terminal_omitted; L2O reconstructed from named transition,0,8x8,2x2x2,1,grid9_v1,0,0
candidate:20260728_045208:det_split_k_aligned_holdout_k16384:1,candidate,20260728_045208,Ascend910B3,20,full,45,44,det_split_k_aligned_holdout_k16384,1,128x128x16384,fp16,DETERMINISTIC_SPLIT_K,128x128x128,384x128x384,20,1x1,1x1(8x1),0.025376,0.000136902,21.1566406053,1.10457,-9.46713,1.246,improved,best,0.0280296,,1,structured_from_successful_net_log1_terminal_log; cause=core_grid/official_seed_iterate_order_ablation; L2O reconstructed from named transition,0,9x6,2x2x2,0,grid9_v1,0,0
candidate:20260728_045208:det_split_k_aligned_holdout_k49152:1,candidate,20260728_045208,Ascend910B3,20,full,46,45,det_split_k_aligned_holdout_k49152,1,128x128x49152,fp16,DETERMINISTIC_SPLIT_K,128x128x128,384x128x384,20,1x1,1x1(8x1),0.0335332,8.09324e-05,48.0303918505,1.09397,-8.59003,1,improved,best,0.0366844,,1,structured_from_successful_net_log1_terminal_log; cause=l2_tail/official_seed_iterate_order_ablation; L2O reconstructed from named transition,0,9x6,2x2x2,0,grid9_v1,0,0
candidate:20260728_045208:det_split_k_aligned_holdout_k65536:1,candidate,20260728_045208,Ascend910B3,20,full,47,46,det_split_k_aligned_holdout_k65536,1,128x128x65536,fp16,DETERMINISTIC_SPLIT_K,128x128x128,384x128x384,20,1x1,1x1(8x1),0.0654656,0.00010649,32.8032378532,0.867283,15.3026,1,regressed,best,0.0567772,,1,structured_from_successful_net_log1_terminal_log; cause=l2_tail/official_seed_iterate_order_ablation; L2O reconstructed from named transition,0,9x6,2x2x2,0,grid9_v1,0,0
coverage:20260728_045208,coverage,20260728_045208,Ascend910B3,20,full,1-47,1-46,,,,,,,,,,,,,,,,,success,,,,1,complete_bottleneck_frontier_46_workloads_47_candidates_exact_resume_137,,,,,,,
candidate:20260728_064346:skinny_n_holdout_m3072_k8192:rank2,candidate,20260728_064346,Ascend910B3,20,full,13,19,skinny_n_holdout_m3072_k8192,2,3072x17x8192,fp16,BASE,160x32x64,160x32x8192,20,20x1,5x1(4x1),0.067008,0.0001239,,0.999045,0.0956014,1,within_noise,best,0.066944,,1,structured_from_successful_net_log2_terminal_log; cause=core_grid/skinny_n_low_k_l1_rebalance; low_k_skinny_n_extrapolation_not_supported,0,16x8,2x2x1,0,grid9_v1,0,0
candidate:20260728_064346:skinny_n_holdout_n24_k12288:rank1,candidate,20260728_064346,Ascend910B3,20,full,14,20,skinny_n_holdout_n24_k12288,1,4096x24x12288,fp16,BASE,208x32x64,208x32x12288,20,20x1,5x1(4x1),0.180941,0.000331413,,0.879971,13.6401,1,regressed,best,0.159223,,1,structured_from_successful_net_log2_terminal_log; cause=core_grid/skinny_n_low_k_l2_partition; low_k_skinny_n_extrapolation_not_supported,0,8x64,2x2x1,0,grid9_v1,0,0
coverage:20260728_064346,coverage,20260728_064346,Ascend910B3,20,full,1-26,1-46,,,,,,,,,,,,,,,,,success,,,,1,net_log2_completed_with_67_history_reuse_and_4_new_npu_searched_pending; low_k_skinny_n_not_supported; k16384_skinny_n_supported,,,,,,,
candidate:20260729_170044:odd_tail_2:1,candidate,20260729_170044,Ascend910B3,20,full,4,30,odd_tail_2,1,1025x4097x3073,fp16,BASE,128x256x64,128x256x3073,20,9x17,1x1(9x17),1.39174,0.494083,18.5448906046,0.132863,652.655,,regressed,best,0.184911,,1,structured_from_successful_20260729_terminal_log; cause=mte2/bank_advantage_iterate_order_ablation; iterateOrder direction rejected,1,16x8,2x2x1,0,grid9_v1,0,0
candidate:20260729_170044:trans_ab_case:1,candidate,20260729_170044,Ascend910B3,20,full,5,44,trans_ab_case,1,1024x1536x2048,fp16,BASE,256x128x64,256x128x2048,20,4x12,1x1(4x12),0.042818,0.331415,150.461276659,0.989864,1.02397,,within_noise,best,0.042384,,1,structured_from_successful_20260729_terminal_log; cause=core_grid/bank_advantage_iterate_order_ablation; iterateOrder direction rejected,1,8x16,2x2x1,0,grid9_v1,1,1
coverage:20260729_170044,coverage,20260729_170044,Ascend910B3,20,full,1-10,1-46,,,,,,,,,,,,,,,,,success,,,,1,completed_bank_advantage_order_ablation; exact_rows=100; both_new_iterateOrder_candidates_not_improved,,,,,,,
candidate:20260729_172955:skinny_n_boundary_holdout_m3072_n40:1,candidate,20260729_172955,Ascend910B3,20,full,4,35,skinny_n_boundary_holdout_m3072_n40,1,3072x40x16384,fp16,BASE,160x48x64,160x48x16384,20,20x1,1x1(20x1),0.069284,0.000216871,58.1163304659,1.31797,-24.1259,1,improved,best,0.0913144,,1,structured_from_successful_20260729_terminal_log; cause=core_grid/skinny_n_boundary_k16384_one_block_per_aic; preregistered N=40 holdout improved versus official and bank,0,8x40,2x2x1,0,grid9_v1,0,0
candidate:20260729_172955:skinny_n_boundary_holdout_m4096_n47:1,candidate,20260729_172955,Ascend910B3,20,full,5,36,skinny_n_boundary_holdout_m4096_n47,1,4096x47x16384,fp16,BASE,208x48x64,208x48x16384,20,20x1,1x1(20x1),0.0785904,0.000132999,80.2672236813,1.22472,-18.349,1,improved,best,0.0962516,,1,structured_from_successful_20260729_terminal_log; cause=core_grid/skinny_n_boundary_k16384_one_block_per_aic; preregistered N=47 holdout improved versus official and bank,0,8x40,2x2x1,0,grid9_v1,0,0
candidate:20260729_172955:skinny_n_boundary_holdout_m5120_n48:1,candidate,20260729_172955,Ascend910B3,20,full,6,37,skinny_n_boundary_holdout_m5120_n48,1,5120x48x16384,fp16,BASE,256x48x64,256x48x16384,20,20x1,1x1(20x1),0.0977752,0.000312774,82.363049935,1.05084,-4.83795,1,improved,best,0.102746,,1,structured_from_successful_20260729_terminal_log; cause=l2_tail/skinny_n_boundary_k16384_one_block_per_aic; preregistered N=48 holdout improved versus official and bank,0,8x40,2x2x1,0,grid9_v1,0,0
coverage:20260729_172955,coverage,20260729_172955,Ascend910B3,20,full,1-12,1-49,,,,,,,,,,,,,,,,,success,,,,1,completed_skinny_n_boundary_holdouts; exact_rows=108; all_three_preregistered_n40_n47_n48_holdouts_improved,,,,,,,
baseline:20260729_223958:skinny_n_boundary64_holdout_m3072_n49,baseline,20260729_223958,Ascend910B3,20,full,,35,skinny_n_boundary64_holdout_m3072_n49,,3072x49x16384,fp16,,,,,,,0.09862,0.000123534,,,,,,,0.09862,,1,structured_from_successful_20260729_boundary64_terminal_log; same-run official baseline,,,,,,0,0
candidate:20260729_223958:skinny_n_boundary64_holdout_m3072_n49:1,candidate,20260729_223958,Ascend910B3,20,full,7,35,skinny_n_boundary64_holdout_m3072_n49,1,3072x49x16384,fp16,BASE,160x64x64,160x64x16384,20,20x1,1x1(20x1),0.0693124,0.000119344,,1.42283,-29.7177,1,improved,best,0.09862,1,1,structured_from_successful_20260729_boundary64_terminal_log; same-run bank_ms=0.100987; preregistered baseN64 holdout improved versus official and bank,0,8x32,2x2x1,0,grid9_v1,0,0
baseline:20260729_223958:skinny_n_boundary64_holdout_m4096_n56,baseline,20260729_223958,Ascend910B3,20,full,,36,skinny_n_boundary64_holdout_m4096_n56,,4096x56x16384,fp16,,,,,,,0.1027,0.000137532,,,,,,,0.1027,,1,structured_from_successful_20260729_boundary64_terminal_log; same-run official baseline,,,,,,0,0
candidate:20260729_223958:skinny_n_boundary64_holdout_m4096_n56:1,candidate,20260729_223958,Ascend910B3,20,full,8,36,skinny_n_boundary64_holdout_m4096_n56,1,4096x56x16384,fp16,BASE,208x64x64,208x64x16384,20,20x1,1x1(20x1),0.081528,0.000176453,,1.25969,-20.6154,1,improved,best,0.1027,1,1,structured_from_successful_20260729_boundary64_terminal_log; same-run bank_ms=0.103818; preregistered baseN64 holdout improved versus official and bank,0,8x32,2x2x1,0,grid9_v1,0,0
baseline:20260729_223958:skinny_n_boundary64_holdout_m5120_n64,baseline,20260729_223958,Ascend910B3,20,full,,37,skinny_n_boundary64_holdout_m5120_n64,,5120x64x16384,fp16,,,,,,,0.098008,0.000100018,,,,,,,0.098008,,1,structured_from_successful_20260729_boundary64_terminal_log; same-run official baseline,,,,,,0,0
candidate:20260729_223958:skinny_n_boundary64_holdout_m5120_n64:1,candidate,20260729_223958,Ascend910B3,20,full,9,37,skinny_n_boundary64_holdout_m5120_n64,1,5120x64x16384,fp16,BASE,256x64x64,256x64x16384,20,20x1,1x1(20x1),0.085094,0.000283788,,1.15176,-13.1765,1,improved,best,0.098008,1,1,structured_from_successful_20260729_boundary64_terminal_log; same-run bank_ms=0.0978336; preregistered baseN64 holdout improved versus official and bank,0,8x32,2x2x1,0,grid9_v1,0,0
coverage:20260729_223958,coverage,20260729_223958,Ascend910B3,20,full,1-15,1-52,,,,,,,,,,,,,,,,,success,,,,1,completed_boundary64_holdouts; all_three_preregistered_n49_n56_n64_holdouts_improved; N48 cross-run comparison invalid and scheduled for paired baseN64 crossover,,,,,,,
