record_id,run_id,soc,aic,toolkit,workload_id,m,n,k,dtype,trans_a,trans_b,candidate_role,candidate_source,tiling_signature,bank_tiling_signature,success,preflight_mode,median_ms,official_ms,bank_ms,status_vs_official,status_vs_bank,pair_validated
net_log27:oneshot_v4_01:rank1,net_log27,Ascend910B3,20,8.1.RC1+toolkit-7.7.0.1.225,oneshot_v4_01,3584,4352,6656,fp16,0,0,searched,feedback_winner_transfer,20:128:256:6656:128:256:64:16:8:1:1:0:8:4:2:2:1:2:2:24:9:0:0,20:128:256:6656:128:256:64:16:8:1:1:0:8:4:2:2:1:2:1:14:17:0:0,1,numeric_signed_axes_full_v3,0.751939620972,0.752182388306,0.75238243103,within_noise,within_noise,1
net_log27:oneshot_v4_02:rank1,net_log27,Ascend910B3,20,8.1.RC1+toolkit-7.7.0.1.225,oneshot_v4_02,2911,3809,6273,fp16,0,0,searched,feedback_regression_counterfactual,2:384:128:384:128:128:128:9:6:3:1:1:3:3:2:2:2:1:3:5:1:0:2,20:128:256:6273:128:256:64:16:8:1:1:0:8:4:2:2:1:2:1:12:15:0:0,1,numeric_signed_axes_full_v3,8.81165710449,0.698705596924,0.694414825439,regressed,regressed,1
net_log27:oneshot_v4_03:rank1,net_log27,Ascend910B3,20,8.1.RC1+toolkit-7.7.0.1.225,oneshot_v4_03,7168,1792,7680,fp16,0,0,searched,feedback_winner_transfer,7:7168:256:512:128:128:128:8:8:2:1:1:4:4:2:2:2:1:1:1:7:0:2,20:128:256:7680:128:256:64:16:8:1:1:0:8:4:2:2:1:2:1:28:7:0:0,1,numeric_signed_axes_full_v3,3.38111450195,0.728430786133,0.729582366943,regressed,regressed,1
net_log27:oneshot_v4_04:rank1,net_log27,Ascend910B3,20,8.1.RC1+toolkit-7.7.0.1.225,oneshot_v4_04,1792,7168,7680,fp16,0,0,searched,feedback_regression_counterfactual,2:384:128:384:128:128:128:9:6:3:1:1:3:3:2:2:2:1:5:5:12:0:2,20:128:256:7680:128:256:64:16:8:1:1:0:8:4:2:2:1:1:2:14:14:0:0,1,numeric_signed_axes_full_v3,14.5324975586,0.728248825073,0.728415603638,regressed,regressed,1
net_log27:oneshot_v4_05:rank1,net_log27,Ascend910B3,20,8.1.RC1+toolkit-7.7.0.1.225,oneshot_v4_05,6400,6912,8192,fp16,0,0,searched,feedback_winner_transfer,20:128:256:8192:128:256:64:16:8:1:1:0:8:4:2:2:1:3:3:23:9:0:0,20:128:256:8192:128:256:64:16:8:1:1:0:8:4:2:2:1:5:2:10:14:0:0,1,numeric_signed_axes_full_v3,2.71574035645,2.70963439941,2.71352844238,within_noise,within_noise,1
net_log27:oneshot_v4_06:rank1,net_log27,Ascend910B3,20,8.1.RC1+toolkit-7.7.0.1.225,oneshot_v4_06,3200,3456,640,fp16,0,0,searched,feedback_regression_counterfactual,13:256:3584:512:128:128:128:8:8:1:1:1:4:4:2:2:2:3:6:4:5:0:2,20:128:256:640:128:256:64:16:8:1:1:0:8:4:2:2:1:1:1:25:14:0:0,1,numeric_signed_axes_full_v3,0.0675228023529,0.0675375986099,0.0675532007217,within_noise,within_noise,1
net_log27:oneshot_v4_07:rank1,net_log27,Ascend910B3,20,8.1.RC1+toolkit-7.7.0.1.225,oneshot_v4_07,2368,2880,29696,fp16,0,0,searched,contract_coupled_policy,20:2368:384:384:128:128:128:6:9:1:3:0:3:3:2:2:2:1:1:1:8:1:3,20:240:1536:512:128:128:128:8:8:2:1:1:4:4:2:2:2:5:3:4:5:0:2,1,numeric_signed_axes_full_v3,2.6078704834,2.15287994385,2.15642684937,regressed,regressed,1
net_log27:oneshot_v4_08:rank1,net_log27,Ascend910B3,20,8.1.RC1+toolkit-7.7.0.1.225,oneshot_v4_08,640,448,28672,fp16,0,0,searched,contract_coupled_policy,20:384:128:384:128:128:128:9:6:3:1:1:3:3:2:2:2:1:2:2:3:0:2,20:64:128:28672:64:128:64:32:16:1:1:0:16:8:2:2:1:1:1:10:4:0:0,1,numeric_signed_axes_full_v3,0.394343185425,0.175820007324,0.176587200165,regressed,regressed,1
net_log27:oneshot_v4_09:rank1,net_log27,Ascend910B3,20,8.1.RC1+toolkit-7.7.0.1.225,oneshot_v4_09,1009,769,18433,fp16,0,0,searched,feedback_winner_transfer,3:384:1024:384:128:128:128:9:6:3:1:1:3:3:2:2:2:1:1:3:1:0:2,20:128:256:18433:128:256:64:16:8:1:1:0:8:4:2:2:1:1:1:8:4:0:0,1,numeric_signed_axes_full_v3,0.408019981384,0.407914810181,0.40714641571,within_noise,within_noise,1
net_log27:oneshot_v4_10:rank1,net_log27,Ascend910B3,20,8.1.RC1+toolkit-7.7.0.1.225,oneshot_v4_10,161,5376,13312,fp16,0,0,searched,feedback_winner_transfer,20:128:128:13312:128:128:64:16:16:1:1:0:8:8:2:2:1:2:5:1:10:0:0,20:128:128:13312:128:128:64:16:16:1:1:0:8:8:2:2:1:1:9:2:5:0:0,1,numeric_signed_axes_full_v3,0.187734794617,,,,,0
net_log27:oneshot_v4_11:rank1,net_log27,Ascend910B3,20,8.1.RC1+toolkit-7.7.0.1.225,oneshot_v4_11,5376,191,13312,fp16,0,0,searched,feedback_winner_transfer,20:128:192:13312:128:192:64:16:8:1:1:0:8:4:2:2:1:5:1:10:1:0:0,20:128:192:13312:128:192:64:16:8:1:1:0:8:4:2:2:1:11:1:4:1:0:0,1,numeric_signed_axes_full_v3,0.586800003052,,,,,0
net_log27:oneshot_v4_12:rank1,net_log27,Ascend910B3,20,8.1.RC1+toolkit-7.7.0.1.225,oneshot_v4_12,3200,3840,5888,fp16,1,0,searched,feedback_regression_counterfactual,20:128:256:5888:128:256:64:6:6:1:1:0:3:3:2:2:1:25:8:1:2:0:0,20:128:256:5888:128:256:64:16:8:1:1:0:8:4:2:2:1:2:1:13:15:0:0,1,numeric_signed_axes_full_v3,0.549057617188,0.540633583069,0.54070438385,regressed,regressed,1
net_log27:oneshot_v4_13:rank1,net_log27,Ascend910B3,20,8.1.RC1+toolkit-7.7.0.1.225,oneshot_v4_13,3072,3712,5632,fp16,0,1,searched,feedback_regression_counterfactual,20:768:768:384:128:128:128:6:9:1:3:0:3:3:2:2:2:2:1:5:1:0:2,20:256:128:5632:256:128:64:8:16:1:1:0:4:8:2:2:1:1:1:12:29:0:0,1,numeric_signed_axes_full_v3,0.816179199219,0.489247589111,0.488683204651,regressed,regressed,1
net_log27:oneshot_v4_14:rank1,net_log27,Ascend910B3,20,8.1.RC1+toolkit-7.7.0.1.225,oneshot_v4_14,2432,3072,4992,fp16,1,1,searched,feedback_regression_counterfactual,20:256:128:4992:256:128:64:8:16:1:1:0:4:8:2:2:1:10:12:1:2:0:0,20:256:128:4992:256:128:64:8:16:1:1:0:4:8:2:2:1:1:1:10:24:0:0,1,numeric_signed_axes_full_v3,0.307460002899,0.314405193329,0.315282402039,improved,improved,1
net_log27:oneshot_v4_15:rank1,net_log27,Ascend910B3,20,8.1.RC1+toolkit-7.7.0.1.225,oneshot_v4_15,4608,5632,7680,bf16,0,0,searched,contract_coupled_policy,2:4608:384:384:128:128:128:6:9:1:3:0:3:3:2:2:2:1:1:1:15:1:3,20:128:256:7680:128:256:64:16:8:1:1:0:8:4:2:2:1:9:1:4:22:0:0,1,numeric_signed_axes_full_v3,14.4808569336,1.4623739624,1.46120803833,regressed,regressed,1
net_log27:oneshot_v4_16:rank1,net_log27,Ascend910B3,20,8.1.RC1+toolkit-7.7.0.1.225,oneshot_v4_16,1791,2433,4609,bf16,0,0,searched,feedback_winner_transfer,20:128:256:4609:128:256:64:16:8:1:1:0:8:4:2:2:1:3:2:5:8:0:0,20:128:256:4609:128:256:64:16:8:1:1:0:8:4:2:2:1:1:1:14:10:0:0,1,numeric_signed_axes_full_v3,0.232290000916,0.231323204041,0.23319360733,within_noise,within_noise,1
net_log27:oneshot_v4_17:rank1,net_log27,Ascend910B3,20,8.1.RC1+toolkit-7.7.0.1.225,oneshot_v4_17,1536,2240,3072,fp32,0,0,searched,feedback_regression_counterfactual,20:384:448:3072:128:256:32:6:6:1:1:0:3:3:2:2:1:1:1:4:5:0:0,20:128:256:3072:128:256:32:16:8:1:1:0:8:4:2:2:1:1:1:12:9:0:0,1,numeric_signed_axes_full_v3,0.333329582214,0.332568817139,0.333164787292,within_noise,within_noise,1
net_log27:oneshot_v4_18:rank1,net_log27,Ascend910B3,20,8.1.RC1+toolkit-7.7.0.1.225,oneshot_v4_18,144,768,4864,fp32,0,1,searched,feedback_winner_transfer,20:128:80:4864:128:80:64:8:8:1:1:0:4:4:2:2:1:1:2:3:6:0:0,20:128:80:4864:128:80:64:8:8:1:1:0:4:4:2:2:1:1:1:2:10:0:0,1,numeric_signed_axes_full_v3,0.0420771980286,0.0411028003693,0.041125202179,regressed,regressed,1
net_log27:oneshot_v4_19:rank1,net_log27,Ascend910B3,20,8.1.RC1+toolkit-7.7.0.1.225,oneshot_v4_19,1152,1664,2304,fp32,1,0,searched,feedback_winner_transfer,20:32:256:2304:32:256:64:6:6:1:1:0:3:3:2:1:2:6:1:6:7:0:0,20:128:256:2304:128:256:32:16:8:1:1:0:8:4:2:2:1:1:1:9:7:0:0,1,numeric_signed_axes_full_v3,0.155005598068,0.154656801224,0.154644403458,within_noise,within_noise,1
net_log27:oneshot_v4_20:rank1,net_log27,Ascend910B3,20,8.1.RC1+toolkit-7.7.0.1.225,oneshot_v4_20,896,1280,1792,fp32,1,1,searched,feedback_winner_transfer,20:448:128:1792:64:64:32:6:6:1:1:0:3:3:2:2:2:1:5:2:2:0:0,20:256:128:1792:256:128:32:8:16:1:1:0:4:8:2:2:1:1:1:4:10:0:0,1,numeric_signed_axes_full_v3,0.0737444019318,0.0740496015549,0.0738995981216,within_noise,within_noise,1
net_log27:oneshot_v4_21:rank1,net_log27,Ascend910B3,20,8.1.RC1+toolkit-7.7.0.1.225,oneshot_v4_21,96,608,4608,fp32,0,1,searched,feedback_winner_transfer,20:64:64:4608:64:64:128:8:8:1:1:0:4:4:2:2:1:1:2:2:6:0:0,20:64:64:4608:64:64:128:8:8:1:1:0:4:4:2:2:1:1:1:2:10:0:0,1,numeric_signed_axes_full_v3,0.0283292007446,0.0280123996735,0.0275780010223,regressed,regressed,1
net_log27:oneshot_v4_22:rank1,net_log27,Ascend910B3,20,8.1.RC1+toolkit-7.7.0.1.225,oneshot_v4_22,57344,384,448,fp16,0,0,searched,feedback_winner_transfer,2:384:128:384:128:128:128:9:6:3:1:1:3:3:2:2:2:1:1:150:3:0:2,20:128:256:448:128:256:64:16:8:1:1:0:8:4:2:2:1:1:1:448:2:0:0,1,numeric_signed_axes_full_v3,0.111942796707,0.112158403397,0.111886796951,within_noise,within_noise,1
net_log27:oneshot_v4_23:rank1,net_log27,Ascend910B3,20,8.1.RC1+toolkit-7.7.0.1.225,oneshot_v4_23,384,288,15360,fp32,0,0,searched,contract_coupled_policy,2:384:384:192:128:128:64:6:9:1:3:0:3:3:2:2:2:1:1:1:1:1:3,20:384:384:192:128:128:64:6:9:1:3:0:3:3:2:2:2:1:1:8:3:0:3,1,numeric_signed_axes_full_v3,0.604599609375,,,,,0
net_log27:oneshot_v4_24:rank1,net_log27,Ascend910B3,20,8.1.RC1+toolkit-7.7.0.1.225,oneshot_v4_24,2048,2816,448,bf16,0,0,searched,feedback_winner_transfer,20:128:256:448:128:256:64:16:8:1:1:0:8:4:2:2:1:4:3:4:5:0:0,20:128:256:448:128:256:64:16:8:1:1:0:8:4:2:2:1:1:1:16:11:0:0,1,numeric_signed_axes_full_v3,0.033283200264,0.0330656003952,0.0332800006866,within_noise,within_noise,1
